Participante,image_url,Identificador,Título,Fotógrafo,Fecha,Restricciones de acceso,Derechos,Repositorio,Medio,Temas,Descripción,Página en Crónica ,Latitude,Longitude ,Precisión
1,https://raw.githubusercontent.com/llilasbenson/filuni-collection-builder/main/objects/garcia_photo_2_0448r.jpg,garcia_photo_2_0448,El edificio de la Asociación Cristiana de Jovenes,"Cortés, Antonio; Carrillo, Antonio; Corona, Prisciliano; Escalante, José",1910-09-10,Dominio público,https://creativecommons.org/publicdomain/mark/1.0/,"Genaro García Collection: Photographs, Benson Latin American Collection, LLILAS Benson Latin American Studies and Collections, The University of Texas at Austin",fotografía,"Arquitectura, Inauguraciones, Iglesia Católica, Juventud",Asociación Cristiana de Jóvenes (Inauguraciones),213,19.432934,-99.148595,
1,https://raw.githubusercontent.com/llilasbenson/filuni-collection-builder/main/objects/garcia_photo_1_0246r.jpg,garcia_photo_1_0246,[La vanguardia del desfile de carros alegóricos del comercio],"Cortés, Antonio; Carrillo, Antonio; Corona, Prisciliano; Escalante, José",1910-09-04,Dominio público,https://creativecommons.org/publicdomain/mark/1.0/,"Genaro García Collection: Photographs, Benson Latin American Collection, LLILAS Benson Latin American Studies and Collections, The University of Texas at Austin",fotografía,"Carrozas de desfiles, Industrias manufactureras",Desfile de carros alegóricos del Comercio (Procesiones públicas),128,19.43322055,-99.1341394,
1,https://raw.githubusercontent.com/llilasbenson/filuni-collection-builder/main/objects/garcia_photo_1_0248r.jpg,garcia_photo_1_0248,La vanguardia del desfile de carros alegóricos del comercio,"Cortés, Antonio; Carrillo, Antonio; Corona, Prisciliano; Escalante, José",1910-09-04,Dominio público,https://creativecommons.org/publicdomain/mark/1.0/,"Genaro García Collection: Photographs, Benson Latin American Collection, LLILAS Benson Latin American Studies and Collections, The University of Texas at Austin",fotografía,"Carrozas de desfiles, Industrias manufactureras",Desfile de carros alegóricos del Comercio (Procesiones públicas),128,,,
2,https://raw.githubusercontent.com/llilasbenson/filuni-collection-builder/main/objects/garcia_photo_1_0249r.jpg,garcia_photo_1_0249,[La vanguardia del desfile de carros alegóricos del comercio],"Cortés, Antonio; Carrillo, Antonio; Corona, Prisciliano; Escalante, José",1910-09-04,Dominio público,https://creativecommons.org/publicdomain/mark/1.0/,"Genaro García Collection: Photographs, Benson Latin American Collection, LLILAS Benson Latin American Studies and Collections, The University of Texas at Austin",fotografía,"Carrozas de desfiles, Industrias manufactureras",Desfile de carros alegóricos del Comercio (Procesiones públicas),128,,,
2,https://raw.githubusercontent.com/llilasbenson/filuni-collection-builder/main/objects/garcia_photo_2_0257r.jpg,garcia_photo_2_0257,El carro alegórico de la Agricultura,"Cortés, Antonio; Carrillo, Antonio; Corona, Prisciliano; Escalante, José",1910-09-04,Dominio público,https://creativecommons.org/publicdomain/mark/1.0/,"Genaro García Collection: Photographs, Benson Latin American Collection, LLILAS Benson Latin American Studies and Collections, The University of Texas at Austin",fotografía,"Carrozas de desfiles, Industrias manufactureras",Desfile de carros alegóricos del Comercio (Procesiones públicas),129,19.471922,-99.195622,
2,https://raw.githubusercontent.com/llilasbenson/filuni-collection-builder/main/objects/garcia_photo_2_0261r.jpg,garcia_photo_2_0261,[El carro alegórico de la Agricultura],"Cortés, Antonio; Carrillo, Antonio; Corona, Prisciliano; Escalante, José",1910-09-04,Dominio público,https://creativecommons.org/publicdomain/mark/1.0/,"Genaro García Collection: Photographs, Benson Latin American Collection, LLILAS Benson Latin American Studies and Collections, The University of Texas at Austin",fotografía,"Mujeres, Carrozas de desfiles, Industrias manufactureras",Desfile de carros alegóricos del Comercio (Procesiones públicas),129,,,
3,https://raw.githubusercontent.com/llilasbenson/filuni-collection-builder/main/objects/garcia_photo_2_0269r.jpg,garcia_photo_2_0269,El carro alegórico de la Cervecería de Toluca y México,"Cortés, Antonio; Carrillo, Antonio; Corona, Prisciliano; Escalante, José",1910-09-04,Dominio público,https://creativecommons.org/publicdomain/mark/1.0/,"Genaro García Collection: Photographs, Benson Latin American Collection, LLILAS Benson Latin American Studies and Collections, The University of Texas at Austin",fotografía,"Cerveceros, Carrozas de desfiles, Industrias manufactureras",Desfile de carros alegóricos del Comercio (Procesiones públicas),131,,,
3,https://raw.githubusercontent.com/llilasbenson/filuni-collection-builder/main/objects/garcia_photo_2_0281r.jpg,garcia_photo_2_0281,"El carro alegórico de ""El Palacio de Hierro""","Cortés, Antonio; Carrillo, Antonio; Corona, Prisciliano; Escalante, José",1910-09-04,Dominio público,https://creativecommons.org/publicdomain/mark/1.0/,"Genaro García Collection: Photographs, Benson Latin American Collection, LLILAS Benson Latin American Studies and Collections, The University of Texas at Austin",fotografía,"Carrozas de desfiles, Industrias manufactureras",Desfile de carros alegóricos del Comercio (Procesiones públicas),129,,,
3,https://raw.githubusercontent.com/llilasbenson/filuni-collection-builder/main/objects/garcia_photo_2_0283r.jpg,garcia_photo_2_0283,"[El carro alegórico de ""El Palacio de Hierro""]","Cortés, Antonio; Carrillo, Antonio; Corona, Prisciliano; Escalante, José",1910-09-04,Dominio público,https://creativecommons.org/publicdomain/mark/1.0/,"Genaro García Collection: Photographs, Benson Latin American Collection, LLILAS Benson Latin American Studies and Collections, The University of Texas at Austin",fotografía,"Carrozas de desfiles, Industrias manufactureras",Desfile de carros alegóricos del Comercio (Procesiones públicas),129,,,
4,https://raw.githubusercontent.com/llilasbenson/filuni-collection-builder/main/objects/garcia_photo_1_0215r.jpg,garcia_photo_1_0215,[Flecheros mexicanos],"Cortés, Antonio; Carrillo, Antonio; Corona, Prisciliano; Escalante, José",1910-09-15,Dominio público,https://creativecommons.org/publicdomain/mark/1.0/,"Genaro García Collection: Photographs, Benson Latin American Collection, LLILAS Benson Latin American Studies and Collections, The University of Texas at Austin",fotografía,"Indígenas, Procesiones",Desfile Histórico (Procesiones públicas),138,19.434054,-99.140318,
4,https://raw.githubusercontent.com/llilasbenson/filuni-collection-builder/main/objects/garcia_photo_1_0216r.jpg,garcia_photo_1_0216,Guerreros mexicanos,"Cortés, Antonio; Carrillo, Antonio; Corona, Prisciliano; Escalante, José",1910-09-15,Dominio público,https://creativecommons.org/publicdomain/mark/1.0/,"Genaro García Collection: Photographs, Benson Latin American Collection, LLILAS Benson Latin American Studies and Collections, The University of Texas at Austin",fotografía,"Indígenas, Procesiones",Desfile Histórico (Procesiones públicas),137,19.434054,-99.140318,
4,https://raw.githubusercontent.com/llilasbenson/filuni-collection-builder/main/objects/garcia_photo_1_0217r.jpg,garcia_photo_1_0217,Caballeros-Tigres,"Cortés, Antonio; Carrillo, Antonio; Corona, Prisciliano; Escalante, José",1910-09-15,Dominio público,https://creativecommons.org/publicdomain/mark/1.0/,"Genaro García Collection: Photographs, Benson Latin American Collection, LLILAS Benson Latin American Studies and Collections, The University of Texas at Austin",fotografía,"Indígenas, Procesiones",Desfile Histórico (Procesiones públicas),136,19.434054,-99.140318,
5,https://raw.githubusercontent.com/llilasbenson/filuni-collection-builder/main/objects/garcia_photo_1_0223r.jpg,garcia_photo_1_0223,Doña Marina y sus acompañantes,"Cortés, Antonio; Carrillo, Antonio; Corona, Prisciliano; Escalante, José",1910-09-15,Dominio público,https://creativecommons.org/publicdomain/mark/1.0/,"Genaro García Collection: Photographs, Benson Latin American Collection, LLILAS Benson Latin American Studies and Collections, The University of Texas at Austin",fotografía,"Indígenas, Mujeres, Procesiones",Desfile Histórico (Procesiones públicas),139,19.434054,-99.140318,
5,https://raw.githubusercontent.com/llilasbenson/filuni-collection-builder/main/objects/garcia_photo_1_0230r.jpg,garcia_photo_1_0230,"El Oidor decano, el Virrey y el Alférez Real","Cortés, Antonio; Carrillo, Antonio; Corona, Prisciliano; Escalante, José",1910-09-15,Dominio público,https://creativecommons.org/publicdomain/mark/1.0/,"Genaro García Collection: Photographs, Benson Latin American Collection, LLILAS Benson Latin American Studies and Collections, The University of Texas at Austin",fotografía,Procesiones,Desfile Histórico (Procesiones públicas),140,19.434054,-99.140318,
5,https://raw.githubusercontent.com/llilasbenson/filuni-collection-builder/main/objects/garcia_photo_1_0237r.jpg,garcia_photo_1_0237,Carro alegórico del Estado de Michoacán,"Cortés, Antonio; Carrillo, Antonio; Corona, Prisciliano; Escalante, José",1910-09-15,Dominio público,https://creativecommons.org/publicdomain/mark/1.0/,"Genaro García Collection: Photographs, Benson Latin American Collection, LLILAS Benson Latin American Studies and Collections, The University of Texas at Austin",fotografía,Procesiones,Desfile Histórico (Procesiones públicas),142,19.434054,-99.140318,
6,https://raw.githubusercontent.com/llilasbenson/filuni-collection-builder/main/objects/garcia_photo_2_0389r.jpg,garcia_photo_2_0389,Calles del 5 de Febrero (Norte a Sur),"Cortés, Antonio; Carrillo, Antonio; Corona, Prisciliano; Escalante, José",1910-09-16,Dominio público,https://creativecommons.org/publicdomain/mark/1.0/,"Genaro García Collection: Photographs, Benson Latin American Collection, LLILAS Benson Latin American Studies and Collections, The University of Texas at Austin",fotografía,Vida en la calle,El Grito,148,19.432445,-99.131193,
6,https://raw.githubusercontent.com/llilasbenson/filuni-collection-builder/main/objects/garcia_photo_2_0390r.jpg,garcia_photo_2_0390,[Avenida del 5 de Mayo],"Cortés, Antonio; Carrillo, Antonio; Corona, Prisciliano; Escalante, José",1910-09-16,Dominio público,https://creativecommons.org/publicdomain/mark/1.0/,"Genaro García Collection: Photographs, Benson Latin American Collection, LLILAS Benson Latin American Studies and Collections, The University of Texas at Austin",fotografía,Vida en la calle,El Grito,,19.36533,-99.204539,
6,https://raw.githubusercontent.com/llilasbenson/filuni-collection-builder/main/objects/garcia_photo_2_0392r.jpg,garcia_photo_2_0392,[Avenida del 5 de Mayo],"Cortés, Antonio; Carrillo, Antonio; Corona, Prisciliano; Escalante, José",1910-09-16,Dominio público,https://creativecommons.org/publicdomain/mark/1.0/,"Genaro García Collection: Photographs, Benson Latin American Collection, LLILAS Benson Latin American Studies and Collections, The University of Texas at Austin",fotografía,Vida en la calle,El Grito,,19.36533,-99.204539,
7,https://raw.githubusercontent.com/llilasbenson/filuni-collection-builder/main/objects/garcia_photo_2_0393r.jpg,garcia_photo_2_0393,Avenida de San Francisco (Ponientea Oriente),"Cortés, Antonio; Carrillo, Antonio; Corona, Prisciliano; Escalante, José",1910-09-16,Dominio público,https://creativecommons.org/publicdomain/mark/1.0/,"Genaro García Collection: Photographs, Benson Latin American Collection, LLILAS Benson Latin American Studies and Collections, The University of Texas at Austin",fotografía,Vida en la calle,El Grito,145,19.371727,-99.1759,
7,https://raw.githubusercontent.com/llilasbenson/filuni-collection-builder/main/objects/garcia_photo_2_0394r.jpg,garcia_photo_2_0394,Avenida de San Francisco (Ponientea Oriente),"Cortés, Antonio; Carrillo, Antonio; Corona, Prisciliano; Escalante, José",1910-09-16,Dominio público,https://creativecommons.org/publicdomain/mark/1.0/,"Genaro García Collection: Photographs, Benson Latin American Collection, LLILAS Benson Latin American Studies and Collections, The University of Texas at Austin",fotografía,Vida en la calle,El Grito,145,19.371727,-99.1759,
7,https://raw.githubusercontent.com/llilasbenson/filuni-collection-builder/main/objects/garcia_photo_2_0395r.jpg,garcia_photo_2_0395,Avenida de San Francisco (Ponientea Oriente),"Cortés, Antonio; Carrillo, Antonio; Corona, Prisciliano; Escalante, José",1910-09-16,Dominio público,https://creativecommons.org/publicdomain/mark/1.0/,"Genaro García Collection: Photographs, Benson Latin American Collection, LLILAS Benson Latin American Studies and Collections, The University of Texas at Austin",fotografía,Vida en la calle,El Grito,145,19.371727,-99.1759,
8,https://raw.githubusercontent.com/llilasbenson/filuni-collection-builder/main/objects/garcia_photo_2_0396r.jpg,garcia_photo_2_0396,Avenida de San Francisco (Ponientea Oriente),"Cortés, Antonio; Carrillo, Antonio; Corona, Prisciliano; Escalante, José",1910-09-16,Dominio público,https://creativecommons.org/publicdomain/mark/1.0/,"Genaro García Collection: Photographs, Benson Latin American Collection, LLILAS Benson Latin American Studies and Collections, The University of Texas at Austin",fotografía,"Mujeres, Indígenas, Vida en la calle",El Grito,145,19.371727,-99.1759,
8,https://raw.githubusercontent.com/llilasbenson/filuni-collection-builder/main/objects/garcia_photo_2_0398r.jpg,garcia_photo_2_0398,Avenida del 16 de Septiembre (Oriente a Poniente),"Cortés, Antonio; Carrillo, Antonio; Corona, Prisciliano; Escalante, José",1910-09-16,Dominio público,https://creativecommons.org/publicdomain/mark/1.0/,"Genaro García Collection: Photographs, Benson Latin American Collection, LLILAS Benson Latin American Studies and Collections, The University of Texas at Austin",fotografía,Vida en la calle,El Grito,146,19.295863,-99.011768,
8,https://raw.githubusercontent.com/llilasbenson/filuni-collection-builder/main/objects/garcia_photo_2_0399r.jpg,garcia_photo_2_0399,[Detalle de adorno de la Avenida Juárez],"Cortés, Antonio; Carrillo, Antonio; Corona, Prisciliano; Escalante, José",1910-09-16,Dominio público,https://creativecommons.org/publicdomain/mark/1.0/,"Genaro García Collection: Photographs, Benson Latin American Collection, LLILAS Benson Latin American Studies and Collections, The University of Texas at Austin",fotografía,Vida en la calle,El Grito,,19.35658,-99.298129,
9,https://raw.githubusercontent.com/llilasbenson/filuni-collection-builder/main/objects/garcia_photo_3_0510r.jpg,garcia_photo_3_0510,Salida de concurrentes a la inauguración del Manicomio General,"Cortés, Antonio; Carrillo, Antonio; Corona, Prisciliano; Escalante, José",1910-09-01,Dominio público,https://creativecommons.org/publicdomain/mark/1.0/,"Genaro García Collection: Photographs, Benson Latin American Collection, LLILAS Benson Latin American Studies and Collections, The University of Texas at Austin",fotografía,"Mujeres, Atención médica, Inauguraciones",El Manicomio General (Inauguraciones de establecimientos públicos),116,19.371022,-99.189446,
9,https://raw.githubusercontent.com/llilasbenson/filuni-collection-builder/main/objects/garcia_photo_3_0513r.jpg,garcia_photo_3_0513,[Inauguración del Manicomio General],"Cortés, Antonio; Carrillo, Antonio; Corona, Prisciliano; Escalante, José",1910-09-01,Dominio público,https://creativecommons.org/publicdomain/mark/1.0/,"Genaro García Collection: Photographs, Benson Latin American Collection, LLILAS Benson Latin American Studies and Collections, The University of Texas at Austin",fotografía,"Mujeres, Atención médica, Inauguraciones",El Manicomio General (Inauguraciones de establecimientos públicos),,19.371022,-99.189446,
9,https://raw.githubusercontent.com/llilasbenson/filuni-collection-builder/main/objects/garcia_photo_3_0528r.jpg,garcia_photo_3_0528,[Edificio para enfermas distinguidas en el Manicomio General],"Cortés, Antonio; Carrillo, Antonio; Corona, Prisciliano; Escalante, José",1910-09-01,Dominio público,https://creativecommons.org/publicdomain/mark/1.0/,"Genaro García Collection: Photographs, Benson Latin American Collection, LLILAS Benson Latin American Studies and Collections, The University of Texas at Austin",fotografía,"Mujeres, Atención médica, Inauguraciones",El Manicomio General (Inauguraciones de establecimientos públicos),113,19.371022,-99.189446,
10,https://raw.githubusercontent.com/llilasbenson/filuni-collection-builder/main/objects/garcia_photo_2_0290r.jpg,garcia_photo_2_0290,El Sr. Dip. D. Manuel H. San Juan lee su Canto a Morelos,"Cortés, Antonio; Carrillo, Antonio; Corona, Prisciliano; Escalante, José",1910-09-21,Dominio público,https://creativecommons.org/publicdomain/mark/1.0/,"Genaro García Collection: Photographs, Benson Latin American Collection, LLILAS Benson Latin American Studies and Collections, The University of Texas at Austin",fotografía,"Placas, Cárceles, Morelos, José María, 1765-1815",En la prisión de Morelos (Descubrimientos de lápidas conmemorativas),127,,,
10,https://raw.githubusercontent.com/llilasbenson/filuni-collection-builder/main/objects/garcia_photo_2_0292r.jpg,garcia_photo_2_0292,Lapida conmemorativa de la prisión de Morelos,"Cortés, Antonio; Carrillo, Antonio; Corona, Prisciliano; Escalante, José",1910-09-21,Dominio público,https://creativecommons.org/publicdomain/mark/1.0/,"Genaro García Collection: Photographs, Benson Latin American Collection, LLILAS Benson Latin American Studies and Collections, The University of Texas at Austin",fotografía,"Placas, Cárceles, Morelos, José María, 1765-1815",En la prisión de Morelos (Descubrimientos de lápidas conmemorativas),127,,,
10,https://raw.githubusercontent.com/llilasbenson/filuni-collection-builder/main/objects/garcia_photo_2_0293r.jpg,garcia_photo_2_0293,Lápida conmemorativa en la 1a de la Merced #154,"Cortés, Antonio; Carrillo, Antonio; Corona, Prisciliano; Escalante, José",1910-09-09,Dominio público,https://creativecommons.org/publicdomain/mark/1.0/,"Genaro García Collection: Photographs, Benson Latin American Collection, LLILAS Benson Latin American Studies and Collections, The University of Texas at Austin",fotografía,"Fotógrafos, Placas, Quintana Roo, Andrés, 1787-1851",La casa mortuoria del Lic. Andres Quintana Roo (Descubrimientos de lápidas conmemorativas),,,,
11,https://raw.githubusercontent.com/llilasbenson/filuni-collection-builder/main/objects/garcia_photo_3_0674r.jpg,garcia_photo_3_0674,"Vista parcial de los tendidos de la plaza de toros ""El Toreo"", el día de la corrida del Centenario","Cortés, Antonio; Carrillo, Antonio; Corona, Prisciliano; Escalante, José",1910-09-15,Dominio público,https://creativecommons.org/publicdomain/mark/1.0/,"Genaro García Collection: Photographs, Benson Latin American Collection, LLILAS Benson Latin American Studies and Collections, The University of Texas at Austin",fotografía,Entretenimiento,Fiestas en las demarcaciones de la ciudad / Corrida del Centenario,167,,,
11,https://raw.githubusercontent.com/llilasbenson/filuni-collection-builder/main/objects/garcia_photo_3_0675r.jpg,garcia_photo_3_0675,"[Vista parcial de los tendidos de la plaza de toros ""El Toreo"", el día de la corrida del Centenario]","Cortés, Antonio; Carrillo, Antonio; Corona, Prisciliano; Escalante, José",1910-09-15,Dominio público,https://creativecommons.org/publicdomain/mark/1.0/,"Genaro García Collection: Photographs, Benson Latin American Collection, LLILAS Benson Latin American Studies and Collections, The University of Texas at Austin",fotografía,Entretenimiento,Fiestas en las demarcaciones de la ciudad / Corrida del Centenario,167,,,
11,https://raw.githubusercontent.com/llilasbenson/filuni-collection-builder/main/objects/garcia_photo_4_0986r.jpg,garcia_photo_4_0986,"Entrada de la cuadrilla de toreros en la plaza de toros ""El Toreo"", el día de la corrida del Centenario","Cortés, Antonio; Carrillo, Antonio; Corona, Prisciliano; Escalante, José",1910-09-15,Dominio público,https://creativecommons.org/publicdomain/mark/1.0/,"Genaro García Collection: Photographs, Benson Latin American Collection, LLILAS Benson Latin American Studies and Collections, The University of Texas at Austin",fotografía,Entretenimiento,Fiestas en las demarcaciones de la ciudad / Corrida del Centenario,167,,,
12,https://raw.githubusercontent.com/llilasbenson/filuni-collection-builder/main/objects/garcia_photo_3_0645r.jpg,garcia_photo_3_0645,Garden - Party en Chapultepec.,"Cortés, Antonio; Carrillo, Antonio; Corona, Prisciliano; Escalante, José",1910-09-22,Dominio público,https://creativecommons.org/publicdomain/mark/1.0/,"Genaro García Collection: Photographs, Benson Latin American Collection, LLILAS Benson Latin American Studies and Collections, The University of Texas at Austin",fotografía,"Mujeres, Fiestas, Bosque de Chapultepec, Miguel Hidalgo, Ciudad de México, México",Garden party en Chapultepec,,19.419481,-99.189456,
12,https://raw.githubusercontent.com/llilasbenson/filuni-collection-builder/main/objects/garcia_photo_3_0657r.jpg,garcia_photo_3_0657,[Vista parcial de la iluminación del lago de Chapultepec],"Cortés, Antonio; Carrillo, Antonio; Corona, Prisciliano; Escalante, José",1910-09-22,Dominio público,https://creativecommons.org/publicdomain/mark/1.0/,"Genaro García Collection: Photographs, Benson Latin American Collection, LLILAS Benson Latin American Studies and Collections, The University of Texas at Austin",fotografía,"Fiestas, Bosque de Chapultepec, Miguel Hidalgo, Ciudad de México, México",Garden party en Chapultepec,288,19.419481,-99.189456,
12,https://raw.githubusercontent.com/llilasbenson/filuni-collection-builder/main/objects/garcia_photo_3_0661r.jpg,garcia_photo_3_0661,El fuerte y uno de los buques del lago de Chapultepec,"Cortés, Antonio; Carrillo, Antonio; Corona, Prisciliano; Escalante, José",1910-09-22,Dominio público,https://creativecommons.org/publicdomain/mark/1.0/,"Genaro García Collection: Photographs, Benson Latin American Collection, LLILAS Benson Latin American Studies and Collections, The University of Texas at Austin",fotografía,"Fiestas, Bosque de Chapultepec, Miguel Hidalgo, Ciudad de México, México",Garden party en Chapultepec,286,19.419481,-99.189456,
13,https://raw.githubusercontent.com/llilasbenson/filuni-collection-builder/main/objects/garcia_photo_3_0701r.jpg,garcia_photo_3_0701,La Avenida de San Francisco durante el gran desfile militar,"Cortés, Antonio; Carrillo, Antonio; Corona, Prisciliano; Escalante, José",1910-09-16,Dominio público,https://creativecommons.org/publicdomain/mark/1.0/,"Genaro García Collection: Photographs, Benson Latin American Collection, LLILAS Benson Latin American Studies and Collections, The University of Texas at Austin",fotografía,Procesiones,Gran desfile,299,,,
13,https://raw.githubusercontent.com/llilasbenson/filuni-collection-builder/main/objects/garcia_photo_3_0706r.jpg,garcia_photo_3_0706,Los alumnos del Colegio Militar en el gran desfile militar,"Cortés, Antonio; Carrillo, Antonio; Corona, Prisciliano; Escalante, José",1910-09-16,Dominio público,https://creativecommons.org/publicdomain/mark/1.0/,"Genaro García Collection: Photographs, Benson Latin American Collection, LLILAS Benson Latin American Studies and Collections, The University of Texas at Austin",fotografía,Procesiones,Gran desfile,301,19.432445,-99.131193,
13,https://raw.githubusercontent.com/llilasbenson/filuni-collection-builder/main/objects/garcia_photo_3_0707r.jpg,garcia_photo_3_0707,[Los alumnos de la Escuela de Aspirantes en el gran desfile militar],"Cortés, Antonio; Carrillo, Antonio; Corona, Prisciliano; Escalante, José",1910-09-16,Dominio público,https://creativecommons.org/publicdomain/mark/1.0/,"Genaro García Collection: Photographs, Benson Latin American Collection, LLILAS Benson Latin American Studies and Collections, The University of Texas at Austin",fotografía,Procesiones,Gran desfile,300,19.432445,-99.131193,
14,https://raw.githubusercontent.com/llilasbenson/filuni-collection-builder/main/objects/garcia_photo_1_0186r.jpg,garcia_photo_1_0186,[La Comisión N. del Centenario en la gran procesión cívica],"Cortés, Antonio; Carrillo, Antonio; Corona, Prisciliano; Escalante, José",1910-09-14,Dominio público,https://creativecommons.org/publicdomain/mark/1.0/,"Genaro García Collection: Photographs, Benson Latin American Collection, LLILAS Benson Latin American Studies and Collections, The University of Texas at Austin",fotografía,Procesiones,Gran procesión cívica (Procesiones públicas),134,,,
14,https://raw.githubusercontent.com/llilasbenson/filuni-collection-builder/main/objects/garcia_photo_1_0188r.jpg,garcia_photo_1_0188,La gran procesión cívica pasa por la Avenida de San Francisco,"Cortés, Antonio; Carrillo, Antonio; Corona, Prisciliano; Escalante, José",1910-09-14,Dominio público,https://creativecommons.org/publicdomain/mark/1.0/,"Genaro García Collection: Photographs, Benson Latin American Collection, LLILAS Benson Latin American Studies and Collections, The University of Texas at Austin",fotografía,Procesiones,Gran procesión cívica (Procesiones públicas),135,19.311932,-99.237327,
14,https://raw.githubusercontent.com/llilasbenson/filuni-collection-builder/main/objects/garcia_photo_1_0193r.jpg,garcia_photo_1_0193,[La Comisión N. del Centenario en la gran procesión cívica],"Cortés, Antonio; Carrillo, Antonio; Corona, Prisciliano; Escalante, José",1910-09-14,Dominio público,https://creativecommons.org/publicdomain/mark/1.0/,"Genaro García Collection: Photographs, Benson Latin American Collection, LLILAS Benson Latin American Studies and Collections, The University of Texas at Austin",fotografía,Procesiones,Gran procesión cívica (Procesiones públicas),134,19.434394,-99.133082,
15,https://raw.githubusercontent.com/llilasbenson/filuni-collection-builder/main/objects/garcia_photo_2_0336r.jpg,garcia_photo_2_0336,[La compañía de alumnos del Colegio Militar que hizo la guardia de honor en el homenaje a los niños héroes de 1847],"Cortés, Antonio; Carrillo, Antonio; Corona, Prisciliano; Escalante, José",1910-09-08,Dominio público,https://creativecommons.org/publicdomain/mark/1.0/,"Genaro García Collection: Photographs, Benson Latin American Collection, LLILAS Benson Latin American Studies and Collections, The University of Texas at Austin",fotografía,"Guerra de México, 1846-1848, Niños y niñas, Bosque de Chapultepec, Miguel Hidalgo, Ciudad de México, México",Homenaje á los niños héroes de 1847 (Actos cívicos solemnes),170,19.419481,-99.189456,
15,https://raw.githubusercontent.com/llilasbenson/filuni-collection-builder/main/objects/garcia_photo_2_0339r.jpg,garcia_photo_2_0339,La concurrencia al acto oficial del homenaje a los niños héroes de 1847 ,"Cortés, Antonio; Carrillo, Antonio; Corona, Prisciliano; Escalante, José",1910-09-08,Dominio público,https://creativecommons.org/publicdomain/mark/1.0/,"Genaro García Collection: Photographs, Benson Latin American Collection, LLILAS Benson Latin American Studies and Collections, The University of Texas at Austin",fotografía,"Guerra de México, 1846-1848, Niños y niñas, Bosque de Chapultepec, Miguel Hidalgo, Ciudad de México, México",Homenaje á los niños héroes de 1847 (Actos cívicos solemnes),169,19.419481,-99.189456,
15,https://raw.githubusercontent.com/llilasbenson/filuni-collection-builder/main/objects/garcia_photo_2_0344r.jpg,garcia_photo_2_0344,El público frente al monumento a los niños héroes de 1847,"Cortés, Antonio; Carrillo, Antonio; Corona, Prisciliano; Escalante, José",1910-09-08,Dominio público,https://creativecommons.org/publicdomain/mark/1.0/,"Genaro García Collection: Photographs, Benson Latin American Collection, LLILAS Benson Latin American Studies and Collections, The University of Texas at Austin",fotografía,"Guerra de México, 1846-1848, Niños y niñas, Bosque de Chapultepec, Miguel Hidalgo, Ciudad de México, México",Homenaje á los niños héroes de 1847 (Actos cívicos solemnes),170,19.419481,-99.189456,
16,https://raw.githubusercontent.com/llilasbenson/filuni-collection-builder/main/objects/garcia_photo_2_0309r.jpg,garcia_photo_2_0309,[Coronas que los michoacanos depositaron al pie del monumento a Morelos],"Cortés, Antonio; Carrillo, Antonio; Corona, Prisciliano; Escalante, José",1910-09-11,Dominio público,https://creativecommons.org/publicdomain/mark/1.0/,"Genaro García Collection: Photographs, Benson Latin American Collection, LLILAS Benson Latin American Studies and Collections, The University of Texas at Austin",fotografía,"Procesiones, Michoacán, México, Morelos, José María, 1765-1815",Homenaje de la colonia michoacana á Morelos (Procesiones públicas),133,19.416398,-99.159269,
16,https://raw.githubusercontent.com/llilasbenson/filuni-collection-builder/main/objects/garcia_photo_2_0313r.jpg,garcia_photo_2_0313,[El publico presencia el homenaje de los michoacanos a Morelos],"Cortés, Antonio; Carrillo, Antonio; Corona, Prisciliano; Escalante, José",1910-09-11,Dominio público,https://creativecommons.org/publicdomain/mark/1.0/,"Genaro García Collection: Photographs, Benson Latin American Collection, LLILAS Benson Latin American Studies and Collections, The University of Texas at Austin",fotografía,"Procesiones, Michoacán, México, Morelos, José María, 1765-1815",Homenaje de la colonia michoacana á Morelos (Procesiones públicas),133,19.416398,-99.159269,
16,https://raw.githubusercontent.com/llilasbenson/filuni-collection-builder/main/objects/garcia_photo_2_0314r.jpg,garcia_photo_2_0314,El publico presencia el homenaje de los michoacanos a Morelos,"Cortés, Antonio; Carrillo, Antonio; Corona, Prisciliano; Escalante, José",1910-09-11,Dominio público,https://creativecommons.org/publicdomain/mark/1.0/,"Genaro García Collection: Photographs, Benson Latin American Collection, LLILAS Benson Latin American Studies and Collections, The University of Texas at Austin",fotografía,"Procesiones, Michoacán, México, Morelos, José María, 1765-1815",Homenaje de la colonia michoacana á Morelos (Procesiones públicas),133,19.416398,-99.159269,
17,https://raw.githubusercontent.com/llilasbenson/filuni-collection-builder/main/objects/garcia_photo_3_0690r.jpg,garcia_photo_3_0690,Vista general de la Fábrica de Pólvora,"Cortés, Antonio; Carrillo, Antonio; Corona, Prisciliano; Escalante, José",1910-09-28,Dominio público,https://creativecommons.org/publicdomain/mark/1.0/,"Genaro García Collection: Photographs, Benson Latin American Collection, LLILAS Benson Latin American Studies and Collections, The University of Texas at Austin",fotografía,"Inauguración, Industrias manufactureras",Inauguración de la Fábrica de Pólvora,307,,,
17,https://raw.githubusercontent.com/llilasbenson/filuni-collection-builder/main/objects/garcia_photo_3_0691r.jpg,garcia_photo_3_0691,[El Sr. Presidente de la Republica y sus acompañantes en la Fábrica de Pólvora],"Cortés, Antonio; Carrillo, Antonio; Corona, Prisciliano; Escalante, José",1910-09-28,Dominio público,https://creativecommons.org/publicdomain/mark/1.0/,"Genaro García Collection: Photographs, Benson Latin American Collection, LLILAS Benson Latin American Studies and Collections, The University of Texas at Austin",fotografía,"Inauguración, Industrias manufactureras, Díaz, Porfirio, 1830-1915",Inauguración de la Fábrica de Pólvora,307,,,
17,https://raw.githubusercontent.com/llilasbenson/filuni-collection-builder/main/objects/garcia_photo_3_0692r.jpg,garcia_photo_3_0692,[El Sr. Presidente de la Republica y sus acompañantes en la Fábrica de Pólvora],"Cortés, Antonio; Carrillo, Antonio; Corona, Prisciliano; Escalante, José",1910-09-28,Dominio público,https://creativecommons.org/publicdomain/mark/1.0/,"Genaro García Collection: Photographs, Benson Latin American Collection, LLILAS Benson Latin American Studies and Collections, The University of Texas at Austin",fotografía,"Inauguración, Industrias manufactureras, Díaz, Porfirio, 1830-1915",Inauguración de la Fábrica de Pólvora,307,,,
18,https://raw.githubusercontent.com/llilasbenson/filuni-collection-builder/main/objects/garcia_photo_1_0131r.jpg,garcia_photo_1_0131,Aspecto del Jardín del Colegio de Niñas durante el acto de la inauguración del reloj publico donado por la colonia otomana,"Cortés, Antonio; Carrillo, Antonio; Corona, Prisciliano; Escalante, José",1910-09-22,Dominio público,https://creativecommons.org/publicdomain/mark/1.0/,"Genaro García Collection: Photographs, Benson Latin American Collection, LLILAS Benson Latin American Studies and Collections, The University of Texas at Austin",fotografía,"Mujeres, Inauguración, Maquinaria, Turquía",Inauguración de un reloj público (Turquía),91,19.37144,-99.183845,
18,https://raw.githubusercontent.com/llilasbenson/filuni-collection-builder/main/objects/garcia_photo_1_0133r.jpg,garcia_photo_1_0133,[Aspecto del Jardín del Colegio de Niñas durante el acto de la inauguración del reloj publico donado por la colonia otomana],"Cortés, Antonio; Carrillo, Antonio; Corona, Prisciliano; Escalante, José",1910-09-22,Dominio público,https://creativecommons.org/publicdomain/mark/1.0/,"Genaro García Collection: Photographs, Benson Latin American Collection, LLILAS Benson Latin American Studies and Collections, The University of Texas at Austin",fotografía,"Mujeres, Indígenas, Inauguración, Maquinaria, Turquía",Inauguración de un reloj público (Turquía),,19.37144,-99.183845,
18,https://raw.githubusercontent.com/llilasbenson/filuni-collection-builder/main/objects/garcia_photo_4_0793r.jpg,garcia_photo_4_0793,"Los Sres. Pimentel, Letayf y De Landa al pie del reloj publico donado por la colonia otomana","Cortés, Antonio; Carrillo, Antonio; Corona, Prisciliano; Escalante, José",1910-09-22,Dominio público,https://creativecommons.org/publicdomain/mark/1.0/,"Genaro García Collection: Photographs, Benson Latin American Collection, LLILAS Benson Latin American Studies and Collections, The University of Texas at Austin",fotografía,"Inauguración, Maquinaria, Turquía",Inauguración de un reloj público (Turquía),91,19.329561,-99.186782,
19,https://raw.githubusercontent.com/llilasbenson/filuni-collection-builder/main/objects/garcia_photo_2_0367r.jpg,garcia_photo_2_0367,Niños que juraron la bandera en la Plaza de San Sebastian,"Cortés, Antonio; Carrillo, Antonio; Corona, Prisciliano; Escalante, José",1910-09-06,Dominio público,https://creativecommons.org/publicdomain/mark/1.0/,"Genaro García Collection: Photographs, Benson Latin American Collection, LLILAS Benson Latin American Studies and Collections, The University of Texas at Austin",fotografía,"Mujeres, Niños y niñas, Plazas, Multitudes, Banderas, Educación",Jura de la bandera por los niños de las escuelas de la Capital,193,,,
19,https://raw.githubusercontent.com/llilasbenson/filuni-collection-builder/main/objects/garcia_photo_2_0369r.jpg,garcia_photo_2_0369,Otro aspecto de la Plaza de San Sebastián durante la jura de la bandera por los niños,"Cortés, Antonio; Carrillo, Antonio; Corona, Prisciliano; Escalante, José",1910-09-06,Dominio público,https://creativecommons.org/publicdomain/mark/1.0/,"Genaro García Collection: Photographs, Benson Latin American Collection, LLILAS Benson Latin American Studies and Collections, The University of Texas at Austin",fotografía,"Mujeres, Niños y niñas, Plazas, Multitudes, Educación, Banderas",Jura de la bandera por los niños de las escuelas de la Capital,192,,,
19,https://raw.githubusercontent.com/llilasbenson/filuni-collection-builder/main/objects/garcia_photo_2_0372r.jpg,garcia_photo_2_0372,[Grupo de niñas que juraron la bandera en la Plaza del Carmen],"Cortés, Antonio; Carrillo, Antonio; Corona, Prisciliano; Escalante, José",1910-09-06,Dominio público,https://creativecommons.org/publicdomain/mark/1.0/,"Genaro García Collection: Photographs, Benson Latin American Collection, LLILAS Benson Latin American Studies and Collections, The University of Texas at Austin",fotografía,"Mujeres, Niños y niñas, Plazas, Multitudes, Banderas, Educación",Jura de la bandera por los niños de las escuelas de la Capital,,,,
20,https://raw.githubusercontent.com/llilasbenson/filuni-collection-builder/main/objects/garcia_photo_2_0376r.jpg,garcia_photo_2_0376,[El acto oficial que precedió a la jura de la bandera por los obreros],"Cortés, Antonio; Carrillo, Antonio; Corona, Prisciliano; Escalante, José",1910-09-30,Dominio público,https://creativecommons.org/publicdomain/mark/1.0/,"Genaro García Collection: Photographs, Benson Latin American Collection, LLILAS Benson Latin American Studies and Collections, The University of Texas at Austin",fotografía,"Clase obrera, Banderas",Jura de la bandera por los obreros de la Capital,168,,,
20,https://raw.githubusercontent.com/llilasbenson/filuni-collection-builder/main/objects/garcia_photo_2_0379r.jpg,garcia_photo_2_0379,La jura de la bandera por los obreros,"Cortés, Antonio; Carrillo, Antonio; Corona, Prisciliano; Escalante, José",1910-09-30,Dominio público,https://creativecommons.org/publicdomain/mark/1.0/,"Genaro García Collection: Photographs, Benson Latin American Collection, LLILAS Benson Latin American Studies and Collections, The University of Texas at Austin",fotografía,"Clase obrera, Banderas",Jura de la bandera por los obreros de la Capital,168,,,
20,https://raw.githubusercontent.com/llilasbenson/filuni-collection-builder/main/objects/garcia_photo_4_0850r.jpg,garcia_photo_4_0850,[El acto oficial que precedió a la jura de la bandera por los obreros],"Cortés, Antonio; Carrillo, Antonio; Corona, Prisciliano; Escalante, José",1910-09-30,Dominio público,https://creativecommons.org/publicdomain/mark/1.0/,"Genaro García Collection: Photographs, Benson Latin American Collection, LLILAS Benson Latin American Studies and Collections, The University of Texas at Austin",fotografía,"Clase obrera, Banderas",Jura de la bandera por los obreros de la Capital,168,,,
21,https://raw.githubusercontent.com/llilasbenson/filuni-collection-builder/main/objects/garcia_photo_2_0380r.jpg,garcia_photo_2_0380,La mesa presidencial en la apoteosis de los héroes de la Independencia,"Cortés, Antonio; Carrillo, Antonio; Corona, Prisciliano; Escalante, José",1910-10-06,Dominio público,https://creativecommons.org/publicdomain/mark/1.0/,"Genaro García Collection: Photographs, Benson Latin American Collection, LLILAS Benson Latin American Studies and Collections, The University of Texas at Austin",fotografía,,La apoteosis de los héroes de la Independencia (Actos cívicos solemnes),178,19.432445,-99.131193,
21,https://raw.githubusercontent.com/llilasbenson/filuni-collection-builder/main/objects/garcia_photo_2_0382r.jpg,garcia_photo_2_0382,"Aspecto del catafalco levantado en honor de los héroes de la Independencia, durante la apoteosis de estos","Cortés, Antonio; Carrillo, Antonio; Corona, Prisciliano; Escalante, José",1910-10-06,Dominio público,https://creativecommons.org/publicdomain/mark/1.0/,"Genaro García Collection: Photographs, Benson Latin American Collection, LLILAS Benson Latin American Studies and Collections, The University of Texas at Austin",fotografía,,La apoteosis de los héroes de la Independencia (Actos cívicos solemnes),178,19.432445,-99.131193,
21,https://raw.githubusercontent.com/llilasbenson/filuni-collection-builder/main/objects/garcia_photo_2_0383r.jpg,garcia_photo_2_0383,"[Aspecto del catafalco levantado en honor de los héroes de la Independencia, durante la apoteosis de estos]","Cortés, Antonio; Carrillo, Antonio; Corona, Prisciliano; Escalante, José",1910-10-06,Dominio público,https://creativecommons.org/publicdomain/mark/1.0/,"Genaro García Collection: Photographs, Benson Latin American Collection, LLILAS Benson Latin American Studies and Collections, The University of Texas at Austin",fotografía,,La apoteosis de los héroes de la Independencia (Actos cívicos solemnes),178,19.432445,-99.131193,
22,https://raw.githubusercontent.com/llilasbenson/filuni-collection-builder/main/objects/garcia_photo_1_0086r.jpg,garcia_photo_1_0086,La concurrencia a la ceremonia relativa al monumento a Isabel la Católica,"Cortés, Antonio; Carrillo, Antonio; Corona, Prisciliano; Escalante, José",1910-09-09,Dominio público,https://creativecommons.org/publicdomain/mark/1.0/,"Genaro García Collection: Photographs, Benson Latin American Collection, LLILAS Benson Latin American Studies and Collections, The University of Texas at Austin",fotografía,"Monumentos, Colocación de la primera piedra, España, Isabella I, Queen of Spain, 1451-1504",Monumento á Isabel la Católica (Actos oficiales solemnes),99,19.295863,-99.011768,
22,https://raw.githubusercontent.com/llilasbenson/filuni-collection-builder/main/objects/garcia_photo_1_0088r.jpg,garcia_photo_1_0088,La mesa presidencial en la ceremonia relativa al monumento a Isabel la Católica,"Cortés, Antonio; Carrillo, Antonio; Corona, Prisciliano; Escalante, José",1910-09-09,Dominio público,https://creativecommons.org/publicdomain/mark/1.0/,"Genaro García Collection: Photographs, Benson Latin American Collection, LLILAS Benson Latin American Studies and Collections, The University of Texas at Austin",fotografía,"Monumentos, Colocación de la primera piedra, España, Isabella I, Queen of Spain, 1451-1504",Monumento á Isabel la Católica (Actos oficiales solemnes),99,19.295863,-99.011768,
22,https://raw.githubusercontent.com/llilasbenson/filuni-collection-builder/main/objects/garcia_photo_1_0089r.jpg,garcia_photo_1_0089,El Sr. presidente presidiendo el acto oficial el día de la colocación de la primera piedra del monumento a Isabel la Católica.,"Cortés, Antonio; Carrillo, Antonio; Corona, Prisciliano; Escalante, José",1910-09-09,Dominio público,https://creativecommons.org/publicdomain/mark/1.0/,"Genaro García Collection: Photographs, Benson Latin American Collection, LLILAS Benson Latin American Studies and Collections, The University of Texas at Austin",fotografía,"Monumentos, Colocación de la primera piedra, España, Isabella I, Queen of Spain, 1451-1504, Díaz, Porfirio, 1830-1915",Monumento á Isabel la Católica (Actos oficiales solemnes),,19.295863,-99.011768,
23,https://raw.githubusercontent.com/llilasbenson/filuni-collection-builder/main/objects/garcia_photo_1_0106r.jpg,garcia_photo_1_0106,[S. E. el Sr. Embajador Permanente de Estados Unidos llega a la tribuna oficial donde se efectuó el acto relativo al monumento a Washington],"Cortés, Antonio; Carrillo, Antonio; Corona, Prisciliano; Escalante, José",1910-09-11,Dominio público,https://creativecommons.org/publicdomain/mark/1.0/,"Genaro García Collection: Photographs, Benson Latin American Collection, LLILAS Benson Latin American Studies and Collections, The University of Texas at Austin",fotografía,"Embajadores, Monumentos, Estados Unidos de América, Wilson, Henry Lane, 1857-1932, Washington, George, 1732-1799",Monumento á Washington (Estados Unidos de América),,19.42771,-99.158663,
23,https://raw.githubusercontent.com/llilasbenson/filuni-collection-builder/main/objects/garcia_photo_1_0107r.jpg,garcia_photo_1_0107,El Sr. Presidente de la República llega a la tribuna oficial donde se efectuó el acto relativo al monumento a Washington,"Cortés, Antonio; Carrillo, Antonio; Corona, Prisciliano; Escalante, José",1910-09-11,Dominio público,https://creativecommons.org/publicdomain/mark/1.0/,"Genaro García Collection: Photographs, Benson Latin American Collection, LLILAS Benson Latin American Studies and Collections, The University of Texas at Austin",fotografía,"Monumentos, Estados Unidos de América, Díaz, Porfirio, 1830-1915, Washington, George, 1732-1799",Monumento á Washington (Estados Unidos de América),63,19.42771,-99.158663,
23,https://raw.githubusercontent.com/llilasbenson/filuni-collection-builder/main/objects/garcia_photo_1_0108r.jpg,garcia_photo_1_0108,S. E. el Sr. Embajador Permanente de Estados Unidos pronuncia su discurso relativo al monumento a Washington,"Cortés, Antonio; Carrillo, Antonio; Corona, Prisciliano; Escalante, José",1910-09-11,Dominio público,https://creativecommons.org/publicdomain/mark/1.0/,"Genaro García Collection: Photographs, Benson Latin American Collection, LLILAS Benson Latin American Studies and Collections, The University of Texas at Austin",fotografía,"Monumentos, Estados Unidos de América, Washington, George, 1732-1799",Monumento á Washington (Estados Unidos de América),63,19.42771,-99.158663,
24,https://raw.githubusercontent.com/llilasbenson/filuni-collection-builder/main/objects/garcia_photo_3_0558r.jpg,garcia_photo_3_0558,[El acto de la inauguración de las obras de la Penitenciaria],"Cortés, Antonio; Carrillo, Antonio; Corona, Prisciliano; Escalante, José",1910-09-29,Dominio público,https://creativecommons.org/publicdomain/mark/1.0/,"Genaro García Collection: Photographs, Benson Latin American Collection, LLILAS Benson Latin American Studies and Collections, The University of Texas at Austin",fotografía,"Inauguraciones, Cárceles",Obras de ampliación de la Penitenciaria del Distrito Federal (Inauguraciones),,19.436505,-99.115872,
24,https://raw.githubusercontent.com/llilasbenson/filuni-collection-builder/main/objects/garcia_photo_3_0559r.jpg,garcia_photo_3_0559,[El Sr. Vicepresidente de la Republica visita la Penitenciaria],"Cortés, Antonio; Carrillo, Antonio; Corona, Prisciliano; Escalante, José",1910-09-29,Dominio público,https://creativecommons.org/publicdomain/mark/1.0/,"Genaro García Collection: Photographs, Benson Latin American Collection, LLILAS Benson Latin American Studies and Collections, The University of Texas at Austin",fotografía,"Inauguraciones, Cárceles, Corral, Ramón, 1854-1912",Obras de ampliación de la Penitenciaria del Distrito Federal (Inauguraciones),,19.436505,-99.115872,
24,https://raw.githubusercontent.com/llilasbenson/filuni-collection-builder/main/objects/garcia_photo_3_0564r.jpg,garcia_photo_3_0564,[El Sr. Vicepresidente de la Republica visita la Penitenciaria],"Cortés, Antonio; Carrillo, Antonio; Corona, Prisciliano; Escalante, José",1910-09-29,Dominio público,https://creativecommons.org/publicdomain/mark/1.0/,"Genaro García Collection: Photographs, Benson Latin American Collection, LLILAS Benson Latin American Studies and Collections, The University of Texas at Austin",fotografía,"Mujeres, Inauguraciones, Cárceles, Corral, Ramón, 1854-1912",Obras de ampliación de la Penitenciaria del Distrito Federal (Inauguraciones),,19.436505,-99.115872,
25,https://raw.githubusercontent.com/llilasbenson/filuni-collection-builder/main/objects/garcia_photo_2_0463r.jpg,garcia_photo_2_0463,[Aspecto de una estación de las obras de aguas potables],"Cortés, Antonio; Carrillo, Antonio; Corona, Prisciliano; Escalante, José",1910-09-21,Dominio público,https://creativecommons.org/publicdomain/mark/1.0/,"Genaro García Collection: Photographs, Benson Latin American Collection, LLILAS Benson Latin American Studies and Collections, The University of Texas at Austin",fotografía,"Inauguraciones, Obras públicas",Obras de aprovisionamiento de aguas (Inauguraciones),214,,,
25,https://raw.githubusercontent.com/llilasbenson/filuni-collection-builder/main/objects/garcia_photo_2_0467r.jpg,garcia_photo_2_0467,[Aspecto de una estación de las obras de aguas potables],"Cortés, Antonio; Carrillo, Antonio; Corona, Prisciliano; Escalante, José",1910-09-21,Dominio público,https://creativecommons.org/publicdomain/mark/1.0/,"Genaro García Collection: Photographs, Benson Latin American Collection, LLILAS Benson Latin American Studies and Collections, The University of Texas at Austin",fotografía,"Mujeres, Inauguraciones, Obras públicas",Obras de aprovisionamiento de aguas (Inauguraciones),214,,,
25,https://raw.githubusercontent.com/llilasbenson/filuni-collection-builder/main/objects/garcia_photo_2_0468r.jpg,garcia_photo_2_0468,Torre de entrada al estanque donde se efectuó el acto relativo a las obras de aguas potables,"Cortés, Antonio; Carrillo, Antonio; Corona, Prisciliano; Escalante, José",1910-09-21,Dominio público,https://creativecommons.org/publicdomain/mark/1.0/,"Genaro García Collection: Photographs, Benson Latin American Collection, LLILAS Benson Latin American Studies and Collections, The University of Texas at Austin",fotografía,"Inauguraciones, Obras públicas",Obras de aprovisionamiento de aguas (Inauguraciones),215,,,
26,https://raw.githubusercontent.com/llilasbenson/filuni-collection-builder/main/objects/garcia_photo_2_0475r.jpg,garcia_photo_2_0475,Aspecto exterior de la tienda donde se efectuó el acto de la inauguración de las obras de ensanche del Desagüe,"Cortés, Antonio; Carrillo, Antonio; Corona, Prisciliano; Escalante, José",1910-09-26,Dominio público,https://creativecommons.org/publicdomain/mark/1.0/,"Genaro García Collection: Photographs, Benson Latin American Collection, LLILAS Benson Latin American Studies and Collections, The University of Texas at Austin",fotografía,"Inauguraciones, Obras públicas",Obras de ensanche del Desagüe del Valle (Inauguraciones),417,,,
26,https://raw.githubusercontent.com/llilasbenson/filuni-collection-builder/main/objects/garcia_photo_2_0478r.jpg,garcia_photo_2_0478,Los invitados recorren las obras exteriores del tunel de Tequixquiac,"Cortés, Antonio; Carrillo, Antonio; Corona, Prisciliano; Escalante, José",1910-09-26,Dominio público,https://creativecommons.org/publicdomain/mark/1.0/,"Genaro García Collection: Photographs, Benson Latin American Collection, LLILAS Benson Latin American Studies and Collections, The University of Texas at Austin",fotografía,"Inauguraciones, Obras públicas",Obras de ensanche del Desagüe del Valle (Inauguraciones),478,,,
26,https://raw.githubusercontent.com/llilasbenson/filuni-collection-builder/main/objects/garcia_photo_2_0481r.jpg,garcia_photo_2_0481,Vista general de las obras exteriores del túnel de Tequixquiac,"Cortés, Antonio; Carrillo, Antonio; Corona, Prisciliano; Escalante, José",1910-09-26,Dominio público,https://creativecommons.org/publicdomain/mark/1.0/,"Genaro García Collection: Photographs, Benson Latin American Collection, LLILAS Benson Latin American Studies and Collections, The University of Texas at Austin",fotografía,"Inauguraciones, Obras públicas",Obras de ensanche del Desagüe del Valle (Inauguraciones),478,,,
27,https://raw.githubusercontent.com/llilasbenson/filuni-collection-builder/main/objects/garcia_photo_1_0022r.jpg,garcia_photo_1_0022,Los marinos argentinos marchan a depositar su ofrenda de flores ante la Columna de la Independencia,"Cortés, Antonio; Carrillo, Antonio; Corona, Prisciliano; Escalante, José",1910-09-18,Dominio público,https://creativecommons.org/publicdomain/mark/1.0/,"Genaro García Collection: Photographs, Benson Latin American Collection, LLILAS Benson Latin American Studies and Collections, The University of Texas at Austin",fotografía,"Inauguración, Arquitectura, Monumentos, Regalos diplomáticos, Argentina",Ofrenda de flores ante la Columna de la Independencia (Argentina),89,19.427025,-99.167665,
27,https://raw.githubusercontent.com/llilasbenson/filuni-collection-builder/main/objects/garcia_photo_3_0551r.jpg,garcia_photo_3_0551,Los obreros en valla de honor frente a las obras del Palacio Legislativo,"Cortés, Antonio; Carrillo, Antonio; Corona, Prisciliano; Escalante, José",1910-09-23,Dominio público,https://creativecommons.org/publicdomain/mark/1.0/,"Genaro García Collection: Photographs, Benson Latin American Collection, LLILAS Benson Latin American Studies and Collections, The University of Texas at Austin",fotografía,"Fotógrafos, Colocación de la primera piedra, Poder legislativo, Arquitectura",Palacio del Poder Legislativo (Colocaciones de primevas piedras),223,19.430278,-99.1175,
27,https://raw.githubusercontent.com/llilasbenson/filuni-collection-builder/main/objects/garcia_photo_3_0552r.jpg,garcia_photo_3_0552,Salida de la concurrencia al acto de la colocación de la primera piedra del Palacio Legislativo,"Cortés, Antonio; Carrillo, Antonio; Corona, Prisciliano; Escalante, José",1910-09-23,Dominio público,https://creativecommons.org/publicdomain/mark/1.0/,"Genaro García Collection: Photographs, Benson Latin American Collection, LLILAS Benson Latin American Studies and Collections, The University of Texas at Austin",fotografía,"Fotógrafos, Colocación de la primera piedra, Poder legislativo, Arquitectura",Palacio del Poder Legislativo (Colocaciones de primevas piedras),223,19.430278,-99.1175,
28,https://raw.githubusercontent.com/llilasbenson/filuni-collection-builder/main/objects/garcia_photo_3_0556r.jpg,garcia_photo_3_0556,Un teatro del Parque Obrero de Valbuena,"Cortés, Antonio; Carrillo, Antonio; Corona, Prisciliano; Escalante, José",1910-09-17,Dominio público,https://creativecommons.org/publicdomain/mark/1.0/,"Genaro García Collection: Photographs, Benson Latin American Collection, LLILAS Benson Latin American Studies and Collections, The University of Texas at Austin",fotografía,"Mujeres, Indígenas, Inauguraciones, Parques, Clase obrera",Parque Obrero de Valbuena (Inauguraciones),213,19.415772,-99.107331,
28,https://raw.githubusercontent.com/llilasbenson/filuni-collection-builder/main/objects/garcia_photo_3_0557r.jpg,garcia_photo_3_0557,Los columpios del Parque Obrero de Valbuena,"Cortés, Antonio; Carrillo, Antonio; Corona, Prisciliano; Escalante, José",1910-09-17,Dominio público,https://creativecommons.org/publicdomain/mark/1.0/,"Genaro García Collection: Photographs, Benson Latin American Collection, LLILAS Benson Latin American Studies and Collections, The University of Texas at Austin",fotografía,"Inauguraciones, Parques, Clase obrera",Parque Obrero de Valbuena (Inauguraciones),214,19.415772,-99.107331,
28,https://raw.githubusercontent.com/llilasbenson/filuni-collection-builder/main/objects/garcia_photo_4_0924r.jpg,garcia_photo_4_0924,Un kiosco del Parque Obrero de Valbuena,"Cortés, Antonio; Carrillo, Antonio; Corona, Prisciliano; Escalante, José",1910-09-17,Dominio público,https://creativecommons.org/publicdomain/mark/1.0/,"Genaro García Collection: Photographs, Benson Latin American Collection, LLILAS Benson Latin American Studies and Collections, The University of Texas at Austin",fotografía,"Mujeres, Indígenas, Inauguraciones, Parques, Clase obrera",Parque Obrero de Valbuena (Inauguraciones),214,19.415772,-99.107331,
29,https://raw.githubusercontent.com/llilasbenson/filuni-collection-builder/main/objects/garcia_photo_2_0286r.jpg,garcia_photo_2_0286,[Grupo de individuos de la procesión de antorcha],"Cortés, Antonio; Carrillo, Antonio; Corona, Prisciliano; Escalante, José",1910-09-19,Dominio público,https://creativecommons.org/publicdomain/mark/1.0/,"Genaro García Collection: Photographs, Benson Latin American Collection, LLILAS Benson Latin American Studies and Collections, The University of Texas at Austin",fotografía,"Procesiones, Vida nocturna",Procesión de antorchas (Procesiones públicas),144,,,
29,https://raw.githubusercontent.com/llilasbenson/filuni-collection-builder/main/objects/garcia_photo_2_0287r.jpg,garcia_photo_2_0287,[Grupo de individuos de la procesión de antorcha],"Cortés, Antonio; Carrillo, Antonio; Corona, Prisciliano; Escalante, José",1910-09-19,Dominio público,https://creativecommons.org/publicdomain/mark/1.0/,"Genaro García Collection: Photographs, Benson Latin American Collection, LLILAS Benson Latin American Studies and Collections, The University of Texas at Austin",fotografía,"Procesiones, Vida nocturna",Procesión de antorchas (Procesiones públicas),144,,,
29,https://raw.githubusercontent.com/llilasbenson/filuni-collection-builder/main/objects/garcia_photo_2_0288r.jpg,garcia_photo_2_0288,Grupo de individuos de la procesión de antorcha,"Cortés, Antonio; Carrillo, Antonio; Corona, Prisciliano; Escalante, José",1910-09-19,Dominio público,https://creativecommons.org/publicdomain/mark/1.0/,"Genaro García Collection: Photographs, Benson Latin American Collection, LLILAS Benson Latin American Studies and Collections, The University of Texas at Austin",fotografía,"Procesiones, Vida nocturna",Procesión de antorchas (Procesiones públicas),144,,,
30,https://raw.githubusercontent.com/llilasbenson/filuni-collection-builder/main/objects/garcia_photo_3_0716r.jpg,garcia_photo_3_0716,[Vista general de los asistentes a las maniobras militares],"Cortés, Antonio; Carrillo, Antonio; Corona, Prisciliano; Escalante, José",1910-09-25,Dominio público,https://creativecommons.org/publicdomain/mark/1.0/,"Genaro García Collection: Photographs, Benson Latin American Collection, LLILAS Benson Latin American Studies and Collections, The University of Texas at Austin",fotografía,"Recreaciones históricas, Fuerzas Armadas",Simulacro de batalla,303,,,
30,https://raw.githubusercontent.com/llilasbenson/filuni-collection-builder/main/objects/garcia_photo_3_0717r.jpg,garcia_photo_3_0717,[Vista general de los asistentes a las maniobras militares],"Cortés, Antonio; Carrillo, Antonio; Corona, Prisciliano; Escalante, José",1910-09-25,Dominio público,https://creativecommons.org/publicdomain/mark/1.0/,"Genaro García Collection: Photographs, Benson Latin American Collection, LLILAS Benson Latin American Studies and Collections, The University of Texas at Austin",fotografía,"Recreaciones históricas, Fuerzas Armadas",Simulacro de batalla,303,,,
30,https://raw.githubusercontent.com/llilasbenson/filuni-collection-builder/main/objects/garcia_photo_3_0718r.jpg,garcia_photo_3_0718,Carruajes de los concurrentes a las maniobras militares,"Cortés, Antonio; Carrillo, Antonio; Corona, Prisciliano; Escalante, José",1910-09-25,Dominio público,https://creativecommons.org/publicdomain/mark/1.0/,"Genaro García Collection: Photographs, Benson Latin American Collection, LLILAS Benson Latin American Studies and Collections, The University of Texas at Austin",fotografía,"Recreaciones históricas, Fuerzas Armadas",Simulacro de batalla,302,,,
31,https://raw.githubusercontent.com/llilasbenson/filuni-collection-builder/main/objects/garcia_photo_2_0400r.jpg,garcia_photo_2_0400,Edificio de los Telégrafos Federales,"Cortés, Antonio; Carrillo, Antonio; Corona, Prisciliano; Escalante, José",1910-09-16,Dominio público,https://creativecommons.org/publicdomain/mark/1.0/,"Genaro García Collection: Photographs, Benson Latin American Collection, LLILAS Benson Latin American Studies and Collections, The University of Texas at Austin",fotografía,"Arquitectura, Vida en la calle",El Grito,146,,,
31,https://raw.githubusercontent.com/llilasbenson/filuni-collection-builder/main/objects/garcia_photo_2_0401r.jpg,garcia_photo_2_0401,"Edificio de ""La Valenciana""","Cortés, Antonio; Carrillo, Antonio; Corona, Prisciliano; Escalante, José",1910-09-16,Dominio público,https://creativecommons.org/publicdomain/mark/1.0/,"Genaro García Collection: Photographs, Benson Latin American Collection, LLILAS Benson Latin American Studies and Collections, The University of Texas at Austin",fotografía,"Arquitectura, Vida en la calle",El Grito,148,19.383972,-99.057519,
31,https://raw.githubusercontent.com/llilasbenson/filuni-collection-builder/main/objects/garcia_photo_2_0402r.jpg,garcia_photo_2_0402,Casa del Sr. Vicepresidente de la Republica,"Cortés, Antonio; Carrillo, Antonio; Corona, Prisciliano; Escalante, José",1910-09-16,Dominio público,https://creativecommons.org/publicdomain/mark/1.0/,"Genaro García Collection: Photographs, Benson Latin American Collection, LLILAS Benson Latin American Studies and Collections, The University of Texas at Austin",fotografía,"Arquitectura, Vida en la calle, Corral, Ramón, 1854-1912",El Grito,145,,,
32,https://raw.githubusercontent.com/llilasbenson/filuni-collection-builder/main/objects/garcia_photo_2_0422r.jpg,garcia_photo_2_0422,[Edificio del Centro Mercantil],"Cortés, Antonio; Carrillo, Antonio; Corona, Prisciliano; Escalante, José",1910-09-16,Dominio público,https://creativecommons.org/publicdomain/mark/1.0/,"Genaro García Collection: Photographs, Benson Latin American Collection, LLILAS Benson Latin American Studies and Collections, The University of Texas at Austin",fotografía,"Arquitectura, Vida en la calle",El Grito,,19.432083,-99.134592,
32,https://raw.githubusercontent.com/llilasbenson/filuni-collection-builder/main/objects/garcia_photo_2_0423r.jpg,garcia_photo_2_0423,Edificio de los Ferrocarriles Nacionales,"Cortés, Antonio; Carrillo, Antonio; Corona, Prisciliano; Escalante, José",1910-09-16,Dominio público,https://creativecommons.org/publicdomain/mark/1.0/,"Genaro García Collection: Photographs, Benson Latin American Collection, LLILAS Benson Latin American Studies and Collections, The University of Texas at Austin",fotografía,"Arquitectura, Vida en la calle",El Grito,,19.459149,-99.179932,
32,https://raw.githubusercontent.com/llilasbenson/filuni-collection-builder/main/objects/garcia_photo_2_0427r.jpg,garcia_photo_2_0427,La Droguería de la Profesa iluminada,"Cortés, Antonio; Carrillo, Antonio; Corona, Prisciliano; Escalante, José",1910-09-15,Dominio público,https://creativecommons.org/publicdomain/mark/1.0/,"Genaro García Collection: Photographs, Benson Latin American Collection, LLILAS Benson Latin American Studies and Collections, The University of Texas at Austin",fotografía,"Alumbrado eléctrico, Vida nocturna",El Grito,164,19.433805,-99.136659,
33,https://raw.githubusercontent.com/llilasbenson/filuni-collection-builder/main/objects/garcia_photo_2_0428r.jpg,garcia_photo_2_0428,Edificio de «La Ciudad de Londres»,"Cortés, Antonio; Carrillo, Antonio; Corona, Prisciliano; Escalante, José",1910-09-15,Dominio público,https://creativecommons.org/publicdomain/mark/1.0/,"Genaro García Collection: Photographs, Benson Latin American Collection, LLILAS Benson Latin American Studies and Collections, The University of Texas at Austin",fotografía,"Arquitectura, Alumbrado eléctrico, Vida nocturna",El Grito,163,,,
33,https://raw.githubusercontent.com/llilasbenson/filuni-collection-builder/main/objects/garcia_photo_2_0432r.jpg,garcia_photo_2_0432,[El edificio de la Compañía Mexicana de Luz y Fuerza Motriz iluminado],"Cortés, Antonio; Carrillo, Antonio; Corona, Prisciliano; Escalante, José",1910-09-15,Dominio público,https://creativecommons.org/publicdomain/mark/1.0/,"Genaro García Collection: Photographs, Benson Latin American Collection, LLILAS Benson Latin American Studies and Collections, The University of Texas at Austin",fotografía,"Arquitectura, Alumbrado eléctrico, Vida nocturna",El Grito,160,,,
33,https://raw.githubusercontent.com/llilasbenson/filuni-collection-builder/main/objects/garcia_photo_2_0434r.jpg,garcia_photo_2_0434,"El edificio de ""La Esmeralda"" iluminado","Cortés, Antonio; Carrillo, Antonio; Corona, Prisciliano; Escalante, José",1910-09-15,Dominio público,https://creativecommons.org/publicdomain/mark/1.0/,"Genaro García Collection: Photographs, Benson Latin American Collection, LLILAS Benson Latin American Studies and Collections, The University of Texas at Austin",fotografía,"Arquitectura, Alumbrado eléctrico, Vida nocturna",El Grito,165,,,
34,https://raw.githubusercontent.com/llilasbenson/filuni-collection-builder/main/objects/garcia_photo_2_0436r.jpg,garcia_photo_2_0436,El edificio de Correos iluminado,"Cortés, Antonio; Carrillo, Antonio; Corona, Prisciliano; Escalante, José",1910-09-15,Dominio público,https://creativecommons.org/publicdomain/mark/1.0/,"Genaro García Collection: Photographs, Benson Latin American Collection, LLILAS Benson Latin American Studies and Collections, The University of Texas at Austin",fotografía,"Arquitectura, Alumbrado eléctrico, Vida nocturna",El Grito,154,,,
34,https://raw.githubusercontent.com/llilasbenson/filuni-collection-builder/main/objects/garcia_photo_4_0867r.jpg,garcia_photo_4_0867,La estación del Ferrocarril Mexicano iluminada,"Cortés, Antonio; Carrillo, Antonio; Corona, Prisciliano; Escalante, José",1910-09-15,Dominio público,https://creativecommons.org/publicdomain/mark/1.0/,"Genaro García Collection: Photographs, Benson Latin American Collection, LLILAS Benson Latin American Studies and Collections, The University of Texas at Austin",fotografía,"Alumbrado eléctrico, Vida nocturna",El Grito,163,,,
34,https://raw.githubusercontent.com/llilasbenson/filuni-collection-builder/main/objects/garcia_photo_4_0868r.jpg,garcia_photo_4_0868,El edificio de la Compañía Mexicana de Luz y Fuerza Motriz iluminado,"Cortés, Antonio; Carrillo, Antonio; Corona, Prisciliano; Escalante, José",1910-09-15,Dominio público,https://creativecommons.org/publicdomain/mark/1.0/,"Genaro García Collection: Photographs, Benson Latin American Collection, LLILAS Benson Latin American Studies and Collections, The University of Texas at Austin",fotografía,"Arquitectura, Alumbrado eléctrico, Vida nocturna",El Grito,160,,,
"Palacios, Albert A.",https://raw.githubusercontent.com/llilasbenson/filuni-collection-builder/main/objects/garcia_photo_1_0001r.jpg,garcia_photo_1_0001,El crucero “Freya” en la bahía de Veracruz,"Cortés, Antonio; Carrillo, Antonio; Corona, Prisciliano; Escalante, José",1910-09-03,Dominio público,https://creativecommons.org/publicdomain/mark/1.0/,"Benson Latin American Collection, LLILAS Benson Latin American Studies and Collections, The University of Texas at Austin",fotografía,"Barcos, Cónsul, Alemania, Veracruz, México",Alemania (Representantes especiales),16,19.19979497,-96.11899769,Approximate
"Palacios, Albert A.",https://raw.githubusercontent.com/llilasbenson/filuni-collection-builder/main/objects/garcia_photo_2_0469r.jpg,garcia_photo_2_0469,La concurrencia al acto de la colocación de la primera piedra de la Cárcel General,"Cortés, Antonio; Carrillo, Antonio; Corona, Prisciliano; Escalante, José",1910-09-03,Dominio público,https://creativecommons.org/publicdomain/mark/1.0/,"Benson Latin American Collection, LLILAS Benson Latin American Studies and Collections, The University of Texas at Austin",fotografía,"Arquitectura, Cárceles, Planos, Colocación de la primera piedra, Corral, Ramón, 1854-1912, Creel, Enrique C., 1854-1931, Fernández, Leandro, Fernández, Justino, 1828-1911, Núñez, Roberto, 1859-1912",Cárcel General (Colocaciones de primevas piedras),219,18.90460402,-98.48135926,Approximate
"Palacios, Albert A.",https://raw.githubusercontent.com/llilasbenson/filuni-collection-builder/main/objects/garcia_photo_4_0883r.jpg,garcia_photo_4_0883,El Sr. Vicepresidente de la República coloca la primera piedra de la Cárcel General,"Cortés, Antonio; Carrillo, Antonio; Corona, Prisciliano; Escalante, José",1910-09-03,Dominio público,https://creativecommons.org/publicdomain/mark/1.0/,"Benson Latin American Collection, LLILAS Benson Latin American Studies and Collections, The University of Texas at Austin",fotografía,"Arquitectura, Cárceles, Colocación de la primera piedra, Corral, Ramón, 1854-1912, Creel, Enrique C., 1854-1931, Fernández, Leandro, Fernández, Justino, 1828-1911, Núñez, Roberto, 1859-1912",Cárcel General (Colocaciones de primevas piedras),219,18.90460402,-98.48135926,Approximate
"Palacios, Albert A.",https://raw.githubusercontent.com/llilasbenson/filuni-collection-builder/main/objects/garcia_photo_1_0124r.jpg,garcia_photo_1_0124,S. E. el Sr. Embajador de Italia lee su discurso relativo a la colocación de la primera piedra del monumento a Garibaldi,"Cortés, Antonio; Carrillo, Antonio; Corona, Prisciliano; Escalante, José",1910-09-20,Dominio público,https://creativecommons.org/publicdomain/mark/1.0/,"Benson Latin American Collection, LLILAS Benson Latin American Studies and Collections, The University of Texas at Austin",fotografía,"Embajadores, Mujeres, Fotógrafos, Niños y niñas, Discurso, Colocación de la primera piedra, Monumentos, Italia, Bugnano, Don Alfredo Capece Minutolo, Marquis di, Garibaldi, Giuseppe, 1807-1882",Colocación de la primera piedra del monumento á Garibaldi (Italia),60,19.42521491,-99.15552525,Exact
"Palacios, Albert A.",https://raw.githubusercontent.com/llilasbenson/filuni-collection-builder/main/objects/garcia_photo_1_0126r.jpg,garcia_photo_1_0126,El Sr. Secretario de Relaciones Exteriores lee su discurso relativo a la colocación de la primera piedra del monumento a Garibaldi,"Cortés, Antonio; Carrillo, Antonio; Corona, Prisciliano; Escalante, José",1910-09-20,Dominio público,https://creativecommons.org/publicdomain/mark/1.0/,"Benson Latin American Collection, LLILAS Benson Latin American Studies and Collections, The University of Texas at Austin",fotografía,"Discurso, Colocación de la primera piedra, Monumentos, Italia, Creel, Enrique C., 1854-1931, Garibaldi, Giuseppe, 1807-1882",Colocación de la primera piedra del monumento á Garibaldi (Italia),60,19.42520416,-99.15548636,Exact
"Palacios, Albert A.",https://raw.githubusercontent.com/llilasbenson/filuni-collection-builder/main/objects/garcia_photo_1_0112r.jpg,garcia_photo_1_0112,[La concurrencia de la colocacion de la primera piedra del monumento a Pasteur],"Cortés, Antonio; Carrillo, Antonio; Corona, Prisciliano; Escalante, José",1910-09-11,Dominio público,https://creativecommons.org/publicdomain/mark/1.0/,"Benson Latin American Collection, LLILAS Benson Latin American Studies and Collections, The University of Texas at Austin",fotografía,"Colocación de la primera piedra, Monumentos, Embajadores, Francia, Pasteur, Louis, 1822-1895, Díaz, Porfirio, 1830-1915, Lefaivre, Paul, Chávez, Ezequiel A., 1868-1946, Sierra, Justo, 1848-1912, Corral, Ramón, 1854-1912, González de Cosío, Manuel, 1836-1913, Landa y Escandón, Guillermo de, 1842-1927, Lefaivre, Paul",Colocación de la primera piedra del monumento á Pasteur (Francia),,19.43191061,-99.15850946,Exact
"Palacios, Albert A.",https://raw.githubusercontent.com/llilasbenson/filuni-collection-builder/main/objects/garcia_photo_1_0113r.jpg,garcia_photo_1_0113,El Sr. Presidente de la República coloca la primera piedra del monumento a Pasteur,"Cortés, Antonio; Carrillo, Antonio; Corona, Prisciliano; Escalante, José",1910-09-11,Dominio público,https://creativecommons.org/publicdomain/mark/1.0/,"Benson Latin American Collection, LLILAS Benson Latin American Studies and Collections, The University of Texas at Austin",fotografía,"Colocación de la primera piedra, Monumentos, Embajadores, Francia, Pasteur, Louis, 1822-1895, Díaz, Porfirio, 1830-1915, Lefaivre, Paul, Corral, Ramón, 1854-1912, Sierra, Justo, 1848-1912, Lefaivre, PaulMolina, Olegario, 1843-1925",Colocación de la primera piedra del monumento á Pasteur (Francia),84,19.43191061,-99.15850946,Exact
"Palacios, Albert A.",https://raw.githubusercontent.com/llilasbenson/filuni-collection-builder/main/objects/garcia_photo_1_0067r.jpg,garcia_photo_1_0067,[El Sr. Presidente del Ayuntamiento de la ciudad de México lee su discurso relativo a la dedicación de la Avenida Isabel la Católica],"Cortés, Antonio; Carrillo, Antonio; Corona, Prisciliano; Escalante, José",1910-08-31,Dominio público,https://creativecommons.org/publicdomain/mark/1.0/,"Benson Latin American Collection, LLILAS Benson Latin American Studies and Collections, The University of Texas at Austin",fotografía,"Discurso, Arreglo y decoración de mesa, Dedicaciones, Arquitectura interior, España, Pimentel y Fagoaga, Fernando, 1851-1929, Díaz, Porfirio, 1830-1915, Cólogan y Cólogan, Bernardo J., 1847-1921, Isabella I, Queen of Spain, 1451-1504",Dedicación de la Avenida Isabel la Católica (Actos oficiales solemnes),,19.43179852,-99.13386151,Exact
"Palacios, Albert A.",https://raw.githubusercontent.com/llilasbenson/filuni-collection-builder/main/objects/garcia_photo_1_0068r.jpg,garcia_photo_1_0068,[El Sr. Presidente del Ayuntamiento de la ciudad de México lee su discurso relativo a la dedicación de la Avenida Isabel la Católica],"Cortés, Antonio; Carrillo, Antonio; Corona, Prisciliano; Escalante, José",1910-08-31,Dominio público,https://creativecommons.org/publicdomain/mark/1.0/,"Benson Latin American Collection, LLILAS Benson Latin American Studies and Collections, The University of Texas at Austin",fotografía,"Arreglo y decoración de mesa, Dedicaciones, Arquitectura interior, España, Pimentel y Fagoaga, Fernando, 1851-1929, Cólogan y Cólogan, Bernardo J., 1847-1921, Isabella I, Queen of Spain, 1451-1504",Dedicación de la Avenida Isabel la Católica (Actos oficiales solemnes),,19.43179852,-99.13386151,Exact
"Palacios, Albert A.",https://raw.githubusercontent.com/llilasbenson/filuni-collection-builder/main/objects/garcia_photo_2_0294r.jpg,garcia_photo_2_0294,[La mesa presidencial en el acto del descubrimiento de la lápida conmemorativa del Real Seminario de Minería],"Cortés, Antonio; Carrillo, Antonio; Corona, Prisciliano; Escalante, José",1910-09-12,Dominio público,https://creativecommons.org/publicdomain/mark/1.0/,"Benson Latin American Collection, LLILAS Benson Latin American Studies and Collections, The University of Texas at Austin",fotografía,"Escuelas y educación de minería, Placas, Mujeres, Indígenas",En el edificio del Real Seminario de Mineria (Descubrimientos de lápidas conmemorativas),,19.43438611,-99.12836454,Exact
"Palacios, Albert A.",https://raw.githubusercontent.com/llilasbenson/filuni-collection-builder/main/objects/garcia_photo_2_0295r.jpg,garcia_photo_2_0295,La mesa presidencial en el acto del descubrimiento de la lápida conmemorativa del Real Seminario de Minería,"Cortés, Antonio; Carrillo, Antonio; Corona, Prisciliano; Escalante, José",1910-09-12,Dominio público,https://creativecommons.org/publicdomain/mark/1.0/,"Benson Latin American Collection, LLILAS Benson Latin American Studies and Collections, The University of Texas at Austin",fotografía,"Escuelas y educación de minería, Placas, Mujeres, Indígenas",En el edificio del Real Seminario de Mineria (Descubrimientos de lápidas conmemorativas),126,19.43438611,-99.12836454,Exact
"Palacios, Albert A.",https://raw.githubusercontent.com/llilasbenson/filuni-collection-builder/main/objects/garcia_photo_2_0291r.jpg,garcia_photo_2_0291,Niñas concurrentes al acto del descubrimiento de la lápida conmemorativa de la prisión de Morelos,"Cortés, Antonio; Carrillo, Antonio; Corona, Prisciliano; Escalante, José",1910-09-21,Dominio público,https://creativecommons.org/publicdomain/mark/1.0/,"Benson Latin American Collection, LLILAS Benson Latin American Studies and Collections, The University of Texas at Austin",fotografía,"Mujeres, Placas, Niños y niñas, Cárceles, Morelos, José María, 1765-1815",En la prisión de Morelos (Descubrimientos de lápidas conmemorativas),127,19.42958947,-99.14950647,Exact
"Palacios, Albert A.",https://raw.githubusercontent.com/llilasbenson/filuni-collection-builder/main/objects/garcia_photo_4_0817r.jpg,garcia_photo_4_0817,Lapida conmemorativa de la prisión de Morelos,"Cortés, Antonio; Carrillo, Antonio; Corona, Prisciliano; Escalante, José",1910-09-21,Dominio público,https://creativecommons.org/publicdomain/mark/1.0/,"Benson Latin American Collection, LLILAS Benson Latin American Studies and Collections, The University of Texas at Austin",fotografía,"Placas, Cárceles, Morelos, José María, 1765-1815",En la prisión de Morelos (Descubrimientos de lápidas conmemorativas),127,19.42947248,-99.14954065,Exact
"Palacios, Albert A.",https://raw.githubusercontent.com/llilasbenson/filuni-collection-builder/main/objects/garcia_photo_3_0567r.jpg,garcia_photo_3_0567,El estrado oficial en el acto de la inauguración de la Escuela N. de Altos Estudios,"Cortés, Antonio; Carrillo, Antonio; Corona, Prisciliano; Escalante, José",1910-09-18,Dominio público,https://creativecommons.org/publicdomain/mark/1.0/,"Benson Latin American Collection, LLILAS Benson Latin American Studies and Collections, The University of Texas at Austin",fotografía,"Universidades y colegios, Educación, Estudiantes, Inauguraciones, Hospitalidad",Escuela Nacional de Altos Estudios (Inauguración de establecimientos educativos),202,19.43305333,-99.12865803,Exact
"Palacios, Albert A.",https://raw.githubusercontent.com/llilasbenson/filuni-collection-builder/main/objects/garcia_photo_2_0482r.jpg,garcia_photo_2_0482,"Escuela Nacional Primaria Industrial para Niñas ""La Corregidora de Querétaro""","Cortés, Antonio; Carrillo, Antonio; Corona, Prisciliano; Escalante, José",1910-09-07,Dominio público,https://creativecommons.org/publicdomain/mark/1.0/,"Benson Latin American Collection, LLILAS Benson Latin American Studies and Collections, The University of Texas at Austin",fotografía,"Arquitectura, Educación, Mujeres, Vida en la calle, Inauguraciones, Niños y niñas, Ortiz de Domínguez, María Josefa, 1768-1829","Escuela Nacional Primaria Industrial para Niñas ""La Corregidora de Querétaro"" (Inauguración de establecimientos educativos)",196,19.43856097,-99.1401771,Exact
"Palacios, Albert A.",https://raw.githubusercontent.com/llilasbenson/filuni-collection-builder/main/objects/garcia_photo_2_0483r.jpg,garcia_photo_2_0483,"[Escuela Nacional Primaria Industrial para Niñas ""La Corregidora de Querétaro""]","Cortés, Antonio; Carrillo, Antonio; Corona, Prisciliano; Escalante, José",1910-09-07,Dominio público,https://creativecommons.org/publicdomain/mark/1.0/,"Benson Latin American Collection, LLILAS Benson Latin American Studies and Collections, The University of Texas at Austin",fotografía,"Arquitectura, Educación, Patios, Mujeres, Inauguraciones, Niños y niñas, Ortiz de Domínguez, María Josefa, 1768-1829","Escuela Nacional Primaria Industrial para Niñas ""La Corregidora de Querétaro"" (Inauguración de establecimientos educativos)",,19.43927344,-99.14062752,Exact
"Palacios, Albert A.",https://raw.githubusercontent.com/llilasbenson/filuni-collection-builder/main/objects/garcia_photo_3_0502r.jpg,garcia_photo_3_0502,Salida de la concurrencia de la Escuela Normal,"Cortés, Antonio; Carrillo, Antonio; Corona, Prisciliano; Escalante, José",1910-09-12,Dominio público,https://creativecommons.org/publicdomain/mark/1.0/,"Benson Latin American Collection, LLILAS Benson Latin American Studies and Collections, The University of Texas at Austin",fotografía,"Arquitectura, Fotógrafos, Educación, Automóviles, Inauguraciones, Universidades y colegios",Escuela Normal Primaria para Maestros (Inauguración de establecimientos educativos),202,19.4502678,-99.17375429,Exact
"Palacios, Albert A.",https://raw.githubusercontent.com/llilasbenson/filuni-collection-builder/main/objects/garcia_photo_3_0503r.jpg,garcia_photo_3_0503,El Sr. Presidente de la República recorre la Escuela Normal,"Cortés, Antonio; Carrillo, Antonio; Corona, Prisciliano; Escalante, José",1910-09-12,Dominio público,https://creativecommons.org/publicdomain/mark/1.0/,"Benson Latin American Collection, LLILAS Benson Latin American Studies and Collections, The University of Texas at Austin",fotografía,"Mujeres, Educación, Inauguraciones, Universidades y colegios, Díaz, Porfirio, 1830-1915, Ortega Díaz, Delfina",Escuela Normal Primaria para Maestros (Inauguración de establecimientos educativos),199,19.4506646,-99.17378833,Exact
"Palacios, Albert A.",https://raw.githubusercontent.com/llilasbenson/filuni-collection-builder/main/objects/garcia_photo_3_0613r.jpg,garcia_photo_3_0613,[El Sr. Presidente de la Republica y su Gabinete llegan a la Exposición de Agricultura],"Cortés, Antonio; Carrillo, Antonio; Corona, Prisciliano; Escalante, José",1910-09-24,Dominio público,https://creativecommons.org/publicdomain/mark/1.0/,"Benson Latin American Collection, LLILAS Benson Latin American Studies and Collections, The University of Texas at Austin",fotografía,"Funcionarios del gabinete, Mujeres, Multitudes, Niños y niñas, Ferias, Díaz, Porfirio, 1830-1915",Exposición de Agricultura y Ganadería (Exposiciones científicas),,19.44882349,-99.1714841,Exact
"Palacios, Albert A.",https://raw.githubusercontent.com/llilasbenson/filuni-collection-builder/main/objects/garcia_photo_3_0614r.jpg,garcia_photo_3_0614,El Sr. Presidente de la Republica y su Gabinete llegan a la Exposición de Agricultura,"Cortés, Antonio; Carrillo, Antonio; Corona, Prisciliano; Escalante, José",1910-09-24,Dominio público,https://creativecommons.org/publicdomain/mark/1.0/,"Benson Latin American Collection, LLILAS Benson Latin American Studies and Collections, The University of Texas at Austin",fotografía,"Funcionarios del gabinete, Mujeres, Multitudes, Niños y niñas, Ferias, Díaz, Porfirio, 1830-1915",Exposición de Agricultura y Ganadería (Exposiciones científicas),261,19.44882349,-99.1714841,Exact
"Palacios, Albert A.",https://raw.githubusercontent.com/llilasbenson/filuni-collection-builder/main/objects/garcia_photo_3_0642r.jpg,garcia_photo_3_0642,Jardín de la Exposición Japonesa ,"Cortés, Antonio; Carrillo, Antonio; Corona, Prisciliano; Escalante, José",1910-09-02,Dominio público,https://creativecommons.org/publicdomain/mark/1.0/,"Benson Latin American Collection, LLILAS Benson Latin American Studies and Collections, The University of Texas at Austin",fotografía,"Exposiciones, Jardines, Estanques, Japón",Exposición Japonesa (Exposiciones artísticas),240,19.44177949,-99.1569447,Exact
"Palacios, Albert A.",https://raw.githubusercontent.com/llilasbenson/filuni-collection-builder/main/objects/garcia_photo_3_0643r.jpg,garcia_photo_3_0643,[Jardín de la Exposición Japonesa],"Cortés, Antonio; Carrillo, Antonio; Corona, Prisciliano; Escalante, José",1910-09-02,Dominio público,https://creativecommons.org/publicdomain/mark/1.0/,"Benson Latin American Collection, LLILAS Benson Latin American Studies and Collections, The University of Texas at Austin",fotografía,"Mujeres, Exposiciones, Jardines, Japón, Díaz, Porfirio, 1830-1915",Exposición Japonesa (Exposiciones artísticas),,19.44177949,-99.1569447,Exact
"Palacios, Albert A.",https://raw.githubusercontent.com/llilasbenson/filuni-collection-builder/main/objects/garcia_photo_1_0020r.jpg,garcia_photo_1_0020,[Monumento a Humboldt],"Cortés, Antonio; Carrillo, Antonio; Corona, Prisciliano; Escalante, José",1910-09-13,Dominio público,https://creativecommons.org/publicdomain/mark/1.0/,"Benson Latin American Collection, LLILAS Benson Latin American Studies and Collections, The University of Texas at Austin",fotografía,"Monumentos, Arquitectura, Bibliotecas nacionales, Inauguración, Alemania, Humboldt, Alexander von, 1769-1859",Inauguración del monumento á Humboldt (Alemania),,19.43042272,-99.13665333,Exact
"Palacios, Albert A.",https://raw.githubusercontent.com/llilasbenson/filuni-collection-builder/main/objects/garcia_photo_1_0021r.jpg,garcia_photo_1_0021,Biblioteca Nacional,"Cortés, Antonio; Carrillo, Antonio; Corona, Prisciliano; Escalante, José",1910-09-13,Dominio público,https://creativecommons.org/publicdomain/mark/1.0/,"Benson Latin American Collection, LLILAS Benson Latin American Studies and Collections, The University of Texas at Austin",fotografía,"Monumentos, Arquitectura, Bibliotecas nacionales, Mujeres, Niños y niñas, Inauguración, Alemania, Humboldt, Alexander von, 1769-1859",Inauguración del monumento á Humboldt (Alemania),64,19.430598,-99.13679842,Exact
"Palacios, Albert A.",https://raw.githubusercontent.com/llilasbenson/filuni-collection-builder/main/objects/garcia_photo_3_0609r.jpg,garcia_photo_3_0609,El acto de la apertura del Congreso Médico,"Cortés, Antonio; Carrillo, Antonio; Corona, Prisciliano; Escalante, José",1910-09-19,Dominio público,https://creativecommons.org/publicdomain/mark/1.0/,"Benson Latin American Collection, LLILAS Benson Latin American Studies and Collections, The University of Texas at Austin",fotografía,"Atención médica, Congresos, Mujeres, Pintura y decoración mural",IV Congreso Médico Nacional (Congresos),232,19.4330687,-99.12879089,Exact
"Palacios, Albert A.",https://raw.githubusercontent.com/llilasbenson/filuni-collection-builder/main/objects/garcia_photo_3_0610r.jpg,garcia_photo_3_0610,[El Sr. Ministro de Instrucción Publica y varios miembros del Congreso Médico],"Cortés, Antonio; Carrillo, Antonio; Corona, Prisciliano; Escalante, José",1910-09-19,Dominio público,https://creativecommons.org/publicdomain/mark/1.0/,"Benson Latin American Collection, LLILAS Benson Latin American Studies and Collections, The University of Texas at Austin",fotografía,"Atención médica, Congresos, Pintura y decoración mural, Sierra, Justo, 1848-1912",IV Congreso Médico Nacional (Congresos),,19.4330687,-99.12879089,Exact
"Palacios, Albert A.",https://raw.githubusercontent.com/llilasbenson/filuni-collection-builder/main/objects/garcia_photo_2_0348r.jpg,garcia_photo_2_0348,Aspecto del costado oriental de la Plaza de la Constitución durante la jura de la bandera por los niños,"Ramos, Manuel",1910-09-06,Dominio público,https://creativecommons.org/publicdomain/mark/1.0/,"Benson Latin American Collection, LLILAS Benson Latin American Studies and Collections, The University of Texas at Austin",fotografía,"Niños y niñas, Plazas, Multitudes, Trenes, Banderas, Educación",Jura de la bandera por los niños de las escuelas de la Capital,188,19.432025,-99.13211439,Exact
"Palacios, Albert A.",https://raw.githubusercontent.com/llilasbenson/filuni-collection-builder/main/objects/garcia_photo_2_0362r.jpg,garcia_photo_2_0362,Grupo de niñas que juraron la bandera en la Alameda de Santa María,"Cortés, Antonio; Carrillo, Antonio; Corona, Prisciliano; Escalante, José",1910-09-06,Dominio público,https://creativecommons.org/publicdomain/mark/1.0/,"Benson Latin American Collection, LLILAS Benson Latin American Studies and Collections, The University of Texas at Austin",fotografía,"Mujeres, Niños y niñas, Renacimiento morisco (Arquitectura), Banderas, Educación",Jura de la bandera por los niños de las escuelas de la Capital,191,19.44945456,-99.15689078,Exact
"Palacios, Albert A.",https://raw.githubusercontent.com/llilasbenson/filuni-collection-builder/main/objects/garcia_photo_2_0332r.jpg,garcia_photo_2_0332,La mesa presidencial en la manifestación de los estudiantes en honor de Juárez,"Cortés, Antonio; Carrillo, Antonio; Corona, Prisciliano; Escalante, José",1910-09-20,Dominio público,https://creativecommons.org/publicdomain/mark/1.0/,"Benson Latin American Collection, LLILAS Benson Latin American Studies and Collections, The University of Texas at Austin",fotografía,"Mujeres, Actividades estudiantiles, Monumentos, Atención médica, Juárez, Benito, 1806-1872",Manifestación en honor de Juárez (Homenajes á los héroes de la patria),193,19.43503879,-99.14419405,Exact
"Palacios, Albert A.",https://raw.githubusercontent.com/llilasbenson/filuni-collection-builder/main/objects/garcia_photo_4_0830r.jpg,garcia_photo_4_0830,El Sr. Rafael H. Valle lee su discurso en honor de Juárez,"Cortés, Antonio; Carrillo, Antonio; Corona, Prisciliano; Escalante, José",1910-09-20,Dominio público,https://creativecommons.org/publicdomain/mark/1.0/,"Benson Latin American Collection, LLILAS Benson Latin American Studies and Collections, The University of Texas at Austin",fotografía,"Actividades estudiantiles, Monumentos, Atención médica, Juárez, Benito, 1806-1872",Manifestación en honor de Juárez (Homenajes á los héroes de la patria),193,19.43504313,-99.14413297,Exact
"Palacios, Albert A.",https://raw.githubusercontent.com/llilasbenson/filuni-collection-builder/main/objects/garcia_photo_2_0445r.jpg,garcia_photo_2_0445,[Distribución de ropa a los niños pobres en la casa del Sr. Gobernador De Landa y Escandón],"Cortés, Antonio; Carrillo, Antonio; Corona, Prisciliano; Escalante, José",1910-09-01,Dominio público,https://creativecommons.org/publicdomain/mark/1.0/,"Benson Latin American Collection, LLILAS Benson Latin American Studies and Collections, The University of Texas at Austin",fotografía,"Mujeres, Niños y niñas, Caridad, Ropa, Osio de Landa, Sofía, Landa y Escandón, Guillermo de, 1842-1927",Obsequios á los niños pobres,119,19.43426337,-99.15592568,Exact
"Palacios, Albert A.",https://raw.githubusercontent.com/llilasbenson/filuni-collection-builder/main/objects/garcia_photo_4_0870r.jpg,garcia_photo_4_0870,Distribución de ropa a los niños pobres en la casa del Sr. Gobernador De Landa y Escandón,"Cortés, Antonio; Carrillo, Antonio; Corona, Prisciliano; Escalante, José",1910-09-01,Dominio público,https://creativecommons.org/publicdomain/mark/1.0/,"Benson Latin American Collection, LLILAS Benson Latin American Studies and Collections, The University of Texas at Austin",fotografía,"Mujeres, Niños y niñas, Caridad, Ropa, Osio de Landa, Sofía, Landa y Escandón, Guillermo de, 1842-1927",Obsequios á los niños pobres,119,19.43426337,-99.15592568,Exact
"Palacios, Albert A.",https://raw.githubusercontent.com/llilasbenson/filuni-collection-builder/main/objects/garcia_photo_3_0599r.jpg,garcia_photo_3_0599,El Sr. Ministro de Instrucción Publica y varios miembros del Congreso de Educación,"Cortés, Antonio; Carrillo, Antonio; Corona, Prisciliano; Escalante, José",1910-09-13,Dominio público,https://creativecommons.org/publicdomain/mark/1.0/,"Benson Latin American Collection, LLILAS Benson Latin American Studies and Collections, The University of Texas at Austin",fotografía,"Congresos, Educación, Niños y niñas, Pintura y decoración mural, Sierra, Justo, 1848-1912, Chávez, Ezequiel A., 1868-1946",Primer Congreso Nacional de Educación Primaria (Congresos),231,19.4330687,-99.12879089,Exact
"Palacios, Albert A.",https://raw.githubusercontent.com/llilasbenson/filuni-collection-builder/main/objects/garcia_photo_3_0604r.jpg,garcia_photo_3_0604,Aspecto del salón donde se efectuó la apertura del Congreso de Educación,"Cortés, Antonio; Carrillo, Antonio; Corona, Prisciliano; Escalante, José",1910-09-13,Dominio público,https://creativecommons.org/publicdomain/mark/1.0/,"Benson Latin American Collection, LLILAS Benson Latin American Studies and Collections, The University of Texas at Austin",fotografía,"Mujeres, Congresos, Educación, Niños y niñas",Primer Congreso Nacional de Educación Primaria (Congresos),231,19.4330687,-99.12879089,Exact
"Palacios, Albert A.",https://raw.githubusercontent.com/llilasbenson/filuni-collection-builder/main/objects/garcia_photo_3_0608r.jpg,garcia_photo_3_0608,La mesa directiva del Congreso de Estudiantes,"Cortés, Antonio; Carrillo, Antonio; Corona, Prisciliano; Escalante, José",1910-09-06,Dominio público,https://creativecommons.org/publicdomain/mark/1.0/,"Benson Latin American Collection, LLILAS Benson Latin American Studies and Collections, The University of Texas at Austin",fotografía,"Estudiantes, Actividades estudiantiles, Mujeres, Museos nacionales, Congresos",Primer Congreso Nacional de Estudiantes (Congresos),226,19.43324239,-99.13044923,Exact
"Palacios, Albert A.",https://raw.githubusercontent.com/llilasbenson/filuni-collection-builder/main/objects/garcia_photo_1_0183r.jpg,garcia_photo_1_0183,El patio del Museo Nacional a la llegada de la fuente bautismal de Hidalgo,"Cortés, Antonio; Carrillo, Antonio; Corona, Prisciliano; Escalante, José",1910-09-02,Dominio público,https://creativecommons.org/publicdomain/mark/1.0/,"Benson Latin American Collection, LLILAS Benson Latin American Studies and Collections, The University of Texas at Austin",fotografía,"Bautismo, Iglesia Católica, Multitudes, Museos nacionales, Hidalgo y Costilla, Miguel, 1753-1811",Translación al Museo de la fuente bautismal de Hidalgo,186,19.43308345,-99.13027496,Exact
"Palacios, Albert A.",https://raw.githubusercontent.com/llilasbenson/filuni-collection-builder/main/objects/garcia_photo_1_0184r.jpg,garcia_photo_1_0184,El Sr. Secretario de Instrucción Publica y Bellas Artes contesta al discurso de entrega de la fuente bautismal de Hidalgo,"Cortés, Antonio; Carrillo, Antonio; Corona, Prisciliano; Escalante, José",1910-09-02,Dominio público,https://creativecommons.org/publicdomain/mark/1.0/,"Benson Latin American Collection, LLILAS Benson Latin American Studies and Collections, The University of Texas at Austin",fotografía,"Bautismo, Iglesia Católica, Multitudes, Museos nacionales, Hidalgo y Costilla, Miguel, 1753-1811, Chávez, Ezequiel A., 1868-1946, Sierra, Justo, 1848-1912",Translación al Museo de la fuente bautismal de Hidalgo,186,19.43301326,-99.13041108,Exact
"Palacios, Albert A.",https://raw.githubusercontent.com/llilasbenson/filuni-collection-builder/main/objects/garcia_photo_3_0574r.jpg,garcia_photo_3_0574,El estrado oficial en el acto de la inauguración de la Universidad Nacional,"Cortés, Antonio; Carrillo, Antonio; Corona, Prisciliano; Escalante, José",1910-09-22,Dominio público,https://creativecommons.org/publicdomain/mark/1.0/,"Benson Latin American Collection, LLILAS Benson Latin American Studies and Collections, The University of Texas at Austin",fotografía,"Universidades y colegios, Educación, Auditorios, Instrumentos musicales, Inauguraciones, Sierra, Justo, 1848-1912",Universidad Nacional (Inauguración de establecimientos educativos),203,19.43442609,-99.13057084,Exact
"Palacios, Albert A.",https://raw.githubusercontent.com/llilasbenson/filuni-collection-builder/main/objects/garcia_photo_3_0578r.jpg,garcia_photo_3_0578,La concurrencia al acto de la inauguración de la Universidad Nacional,"Cortés, Antonio; Carrillo, Antonio; Corona, Prisciliano; Escalante, José",1910-09-22,Dominio público,https://creativecommons.org/publicdomain/mark/1.0/,"Benson Latin American Collection, LLILAS Benson Latin American Studies and Collections, The University of Texas at Austin",fotografía,"Mujeres, Universidades y colegios, Multitudes, Estudiantes, Auditorios, Educación, Inauguraciones",Universidad Nacional (Inauguración de establecimientos educativos),203,19.43442609,-99.13057084,Exact
"Palacios, Albert A.",https://raw.githubusercontent.com/llilasbenson/filuni-collection-builder/main/objects/garcia_photo_3_0581r.jpg,garcia_photo_3_0581,El acto de la apertura del Congreso de Americanistas,"Cortés, Antonio; Carrillo, Antonio; Corona, Prisciliano; Escalante, José",1910-09-07,Dominio público,https://creativecommons.org/publicdomain/mark/1.0/,"Benson Latin American Collection, LLILAS Benson Latin American Studies and Collections, The University of Texas at Austin",fotografía,"Museos nacionales, Académicos, Congresos, San Juan Teotihuacán, México, México",XVII Congreso Internacional de Americanistas (Congresos),227,19.43324239,-99.13044923,Exact
"Palacios, Albert A.",https://raw.githubusercontent.com/llilasbenson/filuni-collection-builder/main/objects/garcia_photo_3_0589r.jpg,garcia_photo_3_0589,Grupo de diplomáticos y americanistas en San Juan Teotihuacán,"Cortés, Antonio; Carrillo, Antonio; Corona, Prisciliano; Escalante, José",1910-09-10,Dominio público,https://creativecommons.org/publicdomain/mark/1.0/,"Benson Latin American Collection, LLILAS Benson Latin American Studies and Collections, The University of Texas at Austin",fotografía,"Mujeres, Académicos, Congresos, San Juan Teotihuacán, México, México, Sierra, Justo, 1848-1912",XVII Congreso Internacional de Americanistas (Congresos),228,19.68896737,-98.83683214,Exact